Track URI,Track Name,Album Name,Artist Name(s),Release Date,Duration (ms),Popularity,Explicit,Added By,Added At,Genres,Record Label,Danceability,Energy,Key,Loudness,Mode,Speechiness,Acousticness,Instrumentalness,Liveness,Valence,Tempo,Time Signature
spotify:track:01HcvUGKvU9Czl4z3A4sQI,"Deep In Abyss - Anime Intro Version","Deep In Abyss (Made In Abyss OST)","Miyu Tomita,Mariye Ise",2019-04-11,223710,48,false,1rm8a4ytboch21x75yu5jotkz,2022-09-29T12:52:42Z,"anime","Fermanferma",0.595,0.849,6,-4.073,0,0.0338,0.0127,0.00000471,0.36,0.57,134.976,4
spotify:track:6yLpHWOoiT3lWPnZIXk1la,"THE SHAPE OF","OPENING THEME FROM TV SERIES MADE IN ABYSS ”THE GOLDEN CITY OF THE SCORCHING SUN” THE SHAPE OF","安月名莉子",2022-08-24,212866,40,false,1rm8a4ytboch21x75yu5jotkz,2022-09-10T14:14:04Z,"anime","KADOKAWA",0.617,0.837,9,-5.024,1,0.0466,0.229,0,0.339,0.673,124.018,4
spotify:track:3ii6HM45Hip0OVguE8Nxwu,"ENDLESS EMBRACE","ENDING THEME FROM TV SERIES ”MADE IN ABYSS: THE GOLDEN CITY OF THE SCORCHING SUN” ENDLESS EMBRACE","MYTH & ROID",2022-08-24,297145,40,false,1rm8a4ytboch21x75yu5jotkz,2022-09-10T14:15:48Z,"anime,j-rock,j-pop","KADOKAWA",0.504,0.796,11,-6.721,0,0.0461,0.0645,0.00000251,0.349,0.369,97.99,4
spotify:track:4MTgIH5OZQHAbdBWgbKSAb,"MUKANJYO","MUKANJYO","Survive Said The Prophet",2019-08-02,192400,62,false,1rm8a4ytboch21x75yu5jotkz,2023-01-24T20:37:43Z,"anime,j-rock","Sony Music Labels Inc.",0.468,0.961,7,-4.082,1,0.114,0.00364,0,0.226,0.31,94.926,4
spotify:track:22LRgvP6LBtmN5SqGrK3O7,"Drown","eyes","milet",2020-06-03,211786,0,false,1rm8a4ytboch21x75yu5jotkz,2022-09-10T14:15:20Z,"j-pop,anime,j-rock","Sony Music Labels Inc.",0.437,0.61,9,-4.212,0,0.0329,0.0102,0.000132,0.396,0.351,179.921,4
spotify:track:1KE1qvMBq4jiN0lTw1Wyx2,"Dark Crow","Dark Crow","MAN WITH A MISSION",2019-10-13,278186,0,false,1rm8a4ytboch21x75yu5jotkz,2023-01-24T20:38:28Z,"anime,j-rock,j-pop","NITRON concepts",0.537,0.944,7,-4.406,1,0.0987,0.00634,0,0.0233,0.36,148.015,4
spotify:track:1HyKEziXzDtvnlg3dTLos2,"Torches","Torches","Aimer",2019-08-14,292533,0,false,1rm8a4ytboch21x75yu5jotkz,2023-01-24T20:39:55Z,"anime,j-pop,j-rock","Sony Music Labels Inc.",0.52,0.675,0,-6.625,1,0.0283,0.464,0,0.138,0.31,82.008,4
spotify:track:1kPoNSnxGFq5UZbGyNymsK,"River","River","Anonymouz",2023-01-17,197997,51,false,1rm8a4ytboch21x75yu5jotkz,2023-01-24T20:37:33Z,"anime","Sony Music Labels Inc.",0.485,0.778,7,-3.359,1,0.0338,0.035,0,0.32,0.469,88.053,4
spotify:track:5OCVWpORIRjRU12dHocyDa,"シリウス","AUBE","Eir Aoi",2014-01-29,264360,44,false,1rm8a4ytboch21x75yu5jotkz,2024-10-19T20:34:21Z,"anime,j-pop,j-rock","Sony Music Labels Inc.",0.407,0.975,1,-2.449,0,0.0788,0.00893,0,0.219,0.785,175.917,4
spotify:track:0oCP1Vu9LGVP88atKzOswC,"ambiguous","Linkage Ring","GARNiDELiA",2015-01-21,272480,47,false,1rm8a4ytboch21x75yu5jotkz,2024-10-19T20:36:10Z,"anime,j-pop,j-rock","Sony Music Labels Inc.",0.441,0.962,0,-2.299,1,0.108,0.142,0.000103,0.317,0.592,178.201,4
spotify:track:1FvZeK3MgmGldxeYDvzanR,"Before my body is dry","キルラキル コンプリートサウンドトラック","Sawano Hiroyuki",2013,248266,50,false,1rm8a4ytboch21x75yu5jotkz,2022-09-10T14:16:33Z,"anime,soundtrack","Aniplex Inc.",0.398,0.712,3,-6.378,0,0.0767,0.0104,0.000091,0.0667,0.382,119.277,4
spotify:track:4Oh78uRF7wt8xjbsuzHQ06,"Blumenkranz (From Kill la Kill)","Blumenkranz (From Kill la Kill)","FalKKonE,Rena",2021-01-01,259467,24,false,1rm8a4ytboch21x75yu5jotkz,2022-09-10T14:17:12Z,"symphonic metal,anime","FalKKonE",0.386,0.958,0,-2.602,0,0.053,0.00245,0.894,0.166,0.256,160.093,4
spotify:track:1CpYTi0SQ3hsyxkGUxzj2f,"ideal white","Ideal White","Mashiro Ayano",2015-04-01,257173,0,false,1rm8a4ytboch21x75yu5jotkz,2022-09-10T14:18:03Z,"anime,j-rock,j-pop","Sony Music Labels Inc.",0.413,0.934,1,-2.508,1,0.106,0.0224,0,0.355,0.439,179.934,4
spotify:track:4PR27vtUZsoiaUlQ6NNYyW,"Brave Shine","Best Selection Noir","Aimer",2017,231506,0,false,1rm8a4ytboch21x75yu5jotkz,2022-09-10T14:18:07Z,"anime,j-pop,j-rock","Sony Music Labels Inc.",0.278,0.909,8,-3.651,1,0.125,0.000688,0.000218,0.217,0.459,113.967,5
spotify:track:4MR5DY9yrnxX9MWIUY5VvO,"oath sign","LiSA Best (Way)","LiSA",2018-05-09,249186,0,false,1rm8a4ytboch21x75yu5jotkz,2022-09-10T14:18:10Z,"anime,j-pop,j-rock","Sony Music Labels Inc.",0.505,0.932,6,-1.429,0,0.0565,0.0271,0,0.365,0.482,152.064,4
spotify:track:6KQRnYGlZtZphzDp8SlZXw,"to the beginning","Kalafina All Time Best 2008-2018","Kalafina",2018-11-09,257560,0,false,1rm8a4ytboch21x75yu5jotkz,2022-09-10T14:18:28Z,"anime,j-pop,j-rock","Sony Music Labels Inc.",0.348,0.811,2,-5.199,1,0.0599,0.0816,0.0000805,0.0579,0.445,153.069,4
spotify:track:6X9m9JRk2ypGusClUBraII,"楽園","楽園","Fujifabric",2021-01-29,225333,52,false,1rm8a4ytboch21x75yu5jotkz,2022-09-10T14:19:41Z,"j-rock,anime,j-pop","Sony Music Labels Inc.",0.561,0.822,2,-5.078,1,0.0848,0.00469,0.00000271,0.092,0.431,97.954,4
spotify:track:24PaqdVWQBvwnJmbRsvV5a,"ワスレガタキ","ワスレガタキ","Huwie Ishizaki",2023-04-20,177864,46,false,1rm8a4ytboch21x75yu5jotkz,2023-04-27T18:55:50Z,"anime,j-pop","Sony Music Labels Inc.",0.548,0.937,7,-3.919,1,0.104,0.000834,0,0.0774,0.813,124.993,4
spotify:track:3n2YaCic0C3gjCgkTkwfOz,"Where Do We Go?","Where Do We Go?","OKAMOTO'S",2023-04-28,202293,44,false,1rm8a4ytboch21x75yu5jotkz,2023-05-07T15:20:45Z,"anime,j-rock,j-pop","Sony Music Labels Inc.",0.602,0.734,9,-3.631,1,0.0443,0.225,0,0.0829,0.547,94.003,4
spotify:track:38kcwx5znepLWCIBID0Bwm,"Kyouran Hey Kids!!","FIXION","THE ORAL CIGARETTES",2016-01-05,250973,69,false,1rm8a4ytboch21x75yu5jotkz,2022-09-10T14:20:14Z,"j-rock,anime,j-pop","antwork",0.526,0.981,8,-1.82,1,0.111,0.00318,0.00161,0.187,0.781,142.016,4
spotify:track:3xVCQGla5LLhrwqNS2FcHo,"火炎","Fire (Full Edition)","QUEEN BEE",2019-01-30,215973,0,false,1rm8a4ytboch21x75yu5jotkz,2022-09-10T14:20:40Z,"anime,j-rock,j-pop","NITRON concepts",0.521,0.933,11,-4.874,0,0.179,0.034,0.0000207,0.33,0.607,169.842,4
spotify:track:64yajM6CxtLghmgB53VeXT,"インフェルノ","インフェルノ","Mrs. GREEN APPLE",2019-07-18,212546,69,false,1rm8a4ytboch21x75yu5jotkz,2022-09-10T14:22:29Z,"j-pop,anime,j-rock","Universal Music LLC",0.529,0.93,4,-1.538,1,0.0588,0.00955,0,0.465,0.694,92.463,4
spotify:track:2wJJNgD6GrKoQ435VxTRv6,"MAYDAY (feat. Ryo from Crystal Lake)","THE SIDE EFFECTS","coldrain,Ryo",2019-08-28,227011,59,true,1rm8a4ytboch21x75yu5jotkz,2024-10-19T20:51:56Z,"j-rock,metalcore,anime,hyperpop","WM Japan",0.522,0.97,10,-4.576,0,0.209,0.0000553,0,0.246,0.488,121.054,4
spotify:track:3NEuSQZbVmfQwRuDKol40Y,"SPARK-AGAIN","SPARK-AGAIN","Aimer",2020-09-09,244160,53,false,1rm8a4ytboch21x75yu5jotkz,2024-10-19T20:52:59Z,"anime,j-pop,j-rock","Sony Music Labels Inc.",0.399,0.946,11,-3.397,0,0.15,0.000913,0.00462,0.356,0.502,90.068,4
spotify:track:3YblgwBrb747gUzuh2CgYF,"Torch of Liberty","Torch of Liberty","KANA-BOON",2020-10-17,185166,50,false,1rm8a4ytboch21x75yu5jotkz,2022-10-21T17:45:15Z,"anime,j-rock,j-pop","Sony Music Labels Inc.",0.447,0.934,5,-1.998,1,0.066,0.00422,0,0.337,0.356,94.983,4
spotify:track:1dGF5ymTyBB2ZmOypkeU1F,"veil","porte","須田景凪",2019-08-21,209636,59,false,1rm8a4ytboch21x75yu5jotkz,2022-09-10T14:14:46Z,"anime,j-pop,j-rock","WM Japan",0.559,0.873,0,-4.401,0,0.0543,0.0281,0,0.185,0.797,150.055,4
spotify:track:4OQq1bcP12GQQXJNupxqfR,"again","HOLIDAYS IN THE SUN","YUI",2010-07-14,254346,67,false,1rm8a4ytboch21x75yu5jotkz,2022-09-10T14:22:53Z,"anime,j-pop,j-rock","Sony Music Labels Inc.",0.595,0.83,4,-3.836,0,0.0379,0.046,0,0.361,0.494,139.922,4
spotify:track:4wru9Edj14iTAh3jLEiHix,"Period","CHEMISTRY 2001-2011","CHEMISTRY",2001,215040,56,false,1rm8a4ytboch21x75yu5jotkz,2022-09-10T14:23:05Z,"anime,j-pop,j-r&b","Sony Music Labels Inc.",0.372,0.895,1,-4.199,0,0.104,0.00463,0.00000699,0.094,0.268,127.061,4
spotify:track:39lq5gU4lPc0rYVaRo0stH,"PINK BLOOD","PINK BLOOD","Hikaru Utada",2021-06-02,197083,46,false,1rm8a4ytboch21x75yu5jotkz,2022-09-10T14:27:30Z,"j-pop,j-r&b,anime","Sony Music Labels Inc.",0.666,0.534,6,-7.286,1,0.0893,0.277,0.0000357,0.179,0.617,100,4
spotify:track:4xBBNJ8spMyuJynOQxJf7e,"Like Flames","Like Flames","MindaRyn",2021-07-07,250757,47,false,1rm8a4ytboch21x75yu5jotkz,2022-09-10T14:29:09Z,"anime","Lantis",0.499,0.89,7,-8.256,0,0.0508,0.00145,0.0000138,0.345,0.609,175.011,4
spotify:track:0GLyqTysS0DFoeKjURtB8s,"unravel","Fantastic Magic","TK from Ling tosite sigure",2014-08-27,238360,2,false,1rm8a4ytboch21x75yu5jotkz,2024-10-19T20:37:39Z,"anime,j-rock,j-pop","NITRON concepts",0.507,0.889,7,-2.755,0,0.086,0.0495,0,0.0983,0.333,135.021,4
spotify:track:7qHv2Q41uBorzTguYfbUOw,"無能","無能","Österreich",2015-03-04,220200,52,false,1rm8a4ytboch21x75yu5jotkz,2024-10-19T20:38:01Z,"math rock,anime,j-rock,japanese indie","Marvelous Inc.",0.488,0.865,7,-5.099,1,0.0355,0.183,0.0000033,0.396,0.728,168.036,3
spotify:track:3f3FDZajRpcLQGln7OZqdi,"asphyxia","PURE","Cö shu Nie",2019-12-11,174893,61,false,1rm8a4ytboch21x75yu5jotkz,2022-09-10T14:29:35Z,"anime,j-rock,j-pop","Sony Music Labels Inc.",0.181,0.913,5,-3.318,1,0.152,0.0501,0,0.282,0.392,82.176,4
spotify:track:2U8jF9oSHrBm0r3TSnQs3r,"HALF","Half","QUEEN BEE",2018-04-25,238186,47,false,1rm8a4ytboch21x75yu5jotkz,2024-10-19T20:38:24Z,"anime,j-rock,j-pop","Sony Music Labels Inc.",0.633,0.912,6,-3.845,1,0.0427,0.00589,0.00000166,0.145,0.825,105.982,4
spotify:track:0PnrdoLqdpScsUTYd06Zb8,"katharsis","Katharsis","TK from Ling tosite sigure",2018-11-21,262226,0,false,1rm8a4ytboch21x75yu5jotkz,2024-10-19T20:39:10Z,"anime,j-rock,j-pop","NITRON concepts",0.557,0.826,8,-3.185,1,0.145,0.0388,0,0.177,0.389,144.275,4
spotify:track:6uJYlImgJZHoxrkbIn0S2m,"Gambling","Gambling","syudou",2021-07-07,219406,45,false,1rm8a4ytboch21x75yu5jotkz,2022-09-10T14:29:48Z,"vocaloid,anime,j-pop","syudou商店",0.516,0.982,11,-1.972,0,0.0986,0.012,0,0.335,0.517,98.024,4
spotify:track:0nSQ5g5IDDGD7lsjhL10qY,"Lillium (From Elfen Lied)","Lillium (From Elfen Lied)","Geek Music",2022-01-11,176919,49,false,1rm8a4ytboch21x75yu5jotkz,2023-06-07T16:38:09Z,"anime","Geek Music",0.118,0.251,6,-10.493,0,0.0312,0.879,0.0000831,0.425,0.0935,93.744,4
spotify:track:44LzijoPl4qNVJV6pYmzdS,"PAPERMOON","PAPERMOON","Tommy heavenly6",2008-12-10,262546,57,false,1rm8a4ytboch21x75yu5jotkz,2022-09-10T14:30:19Z,"anime,j-rock,shibuya-kei,j-pop","Sony Music Labels Inc.",0.384,0.953,5,-2.701,0,0.0924,0.000326,0.0000222,0.4,0.27,164.005,4
spotify:track:2iscENxaM7EI43TVSyNUjz,"Touch off","Touch off","UVERworld",2019-03-01,260706,0,false,1rm8a4ytboch21x75yu5jotkz,2022-09-10T14:32:26Z,"anime,j-rock,j-pop","NITRON concepts",0.499,0.891,4,-3.757,0,0.046,0.0000286,0.000328,0.28,0.215,99.999,4
spotify:track:0ekGJQiqn1DzeZ3w5AsBoH,"KISS OF DEATH（Produced by HYDE）","Yuki No Hana 15th Anniversary Best Bible","Mika Nakashima",2019-01-30,248426,0,false,1rm8a4ytboch21x75yu5jotkz,2022-09-10T14:32:47Z,"j-pop,anime,j-r&b","Sony Music Labels Inc.",0.551,0.908,5,-3.174,1,0.0749,0.000776,0,0.37,0.192,122.001,4
spotify:track:2ATxQ2yeUw3CAGjjPTundt,"Dark seeks light","Dark seeks light / 散文的LIFE","ニノミヤユイ",2021-11-03,214426,46,false,1rm8a4ytboch21x75yu5jotkz,2022-09-10T14:33:44Z,"anime","Lantis",0.641,0.923,10,-2.058,0,0.0708,0.157,0.0000141,0.239,0.695,92.459,4
spotify:track:1lujHL2dL3sGM2dEQDKRhK,"Shadow is the Light","Shadow is the Light","THE SIXTH LIE",2019-07-24,218307,0,false,1rm8a4ytboch21x75yu5jotkz,2022-09-10T14:34:11Z,"anime,j-rock,j-pop","NBCUniversal Entertainment",0.557,0.949,7,-2.712,1,0.0646,0.00142,0.00000232,0.472,0.444,93.976,4
spotify:track:3w8qOAwbHF6zYeYT7pj7DI,"Devil in Your Heart","THANK GOD THERE ARE HUNDREDS OF WAYS TO KiLL ENEMiES","SiM",2020-06-17,186026,51,true,1rm8a4ytboch21x75yu5jotkz,2022-09-10T14:35:31Z,"anime,j-rock","Universal Music LLC",0.542,0.94,8,-0.713,1,0.0628,0.000737,0,0.133,0.765,120.053,4
spotify:track:3khEEPRyBeOUabbmOPJzAG,"KICK BACK","KICK BACK","Kenshi Yonezu",2022-10-12,193495,73,false,1rm8a4ytboch21x75yu5jotkz,2022-10-31T21:02:50Z,"j-pop,anime,j-rock","Sony Music Labels Inc.",0.577,0.941,1,-5.17,1,0.105,0.00207,0.00000336,0.0891,0.292,101.921,4
spotify:track:3lUOzabhWYyRImRszpJGOU,"CHAINSAW BLOOD","CHAINSAW BLOOD","Vaundy",2022-10-12,200997,59,false,1rm8a4ytboch21x75yu5jotkz,2022-10-31T21:01:49Z,"j-pop,japanese indie,j-rock","Sony Music Labels Inc.",0.528,0.855,0,-5.229,1,0.0953,0.0000738,0.00000181,0.281,0.549,146.987,4
spotify:track:1XeOqgzh2fZhmgxnmyiIJ8,"残機","残機","ZUTOMAYO",2022-10-18,230066,56,false,1rm8a4ytboch21x75yu5jotkz,2022-10-31T21:01:35Z,"j-pop,j-rock,anime,japanese indie","Universal Music LLC",0.667,0.903,2,-2.965,1,0.0732,0.403,0,0.119,0.849,140.981,4
spotify:track:1lySGuhlcZUJxLA5W5Bo7k,"HAWATARI NIOKU CENTI [2-hundred-million-centimeter-long blades] - TV edit","HAWATARI NIOKU CENTI [2-hundred-million-centimeter-long blades] (TV edit)","MAXIMUM THE HORMONE",2022-10-26,89563,52,false,1rm8a4ytboch21x75yu5jotkz,2023-04-12T13:43:10Z,"j-rock,anime,visual kei","WM Japan",0.402,0.902,2,-3.105,1,0.255,0.0267,0.00412,0.147,0.538,145.898,4
spotify:track:04niDJQ3mzjkwzvid0Otoi,"錠剤","錠剤","TOOBOE",2022-11-02,204800,54,false,1rm8a4ytboch21x75yu5jotkz,2023-01-11T18:05:31Z,"anime,j-pop,j-rock","Sony Music Labels Inc.",0.578,0.928,4,-3.226,0,0.0525,0.0215,0,0.11,0.681,99.968,4
spotify:track:1fmCImjjMs4pHmQGDmtCc9,"インザバックルーム","インザバックルーム","syudou",2022-11-09,206000,40,false,1rm8a4ytboch21x75yu5jotkz,2023-01-11T18:05:58Z,"vocaloid,anime,j-pop","syudou商店",0.494,0.978,11,-1.597,0,0.16,0.0639,0,0.292,0.545,168.899,4
spotify:track:7gspVQa13prQbNABCRacwE,"Rendezvous","Rendezvous","Kanaria",2022-11-16,132295,55,false,1rm8a4ytboch21x75yu5jotkz,2023-04-12T13:43:25Z,"vocaloid,j-pop","Kanaria",0.55,0.526,6,-6.717,0,0.0842,0.0663,0,0.0825,0.962,114.461,4
spotify:track:5KLL3cZEyuSJRvyS84o4Df,"ちゅ、多様性。","ちゅ、多様性。","ano",2022-11-23,185752,55,true,1rm8a4ytboch21x75yu5jotkz,2023-04-12T13:44:19Z,"j-pop,anime,j-rock","Toy's Factory",0.583,0.957,11,-3.439,1,0.0429,0.00885,0.000411,0.0727,0.87,153.023,4
spotify:track:0ky07Oq85l9zx7e427XGgC,"first death","first death","TK from Ling tosite sigure",2022-11-30,241575,55,false,1rm8a4ytboch21x75yu5jotkz,2022-11-29T20:35:33Z,"anime,j-rock,j-pop","Sony Music Labels Inc.",0.32,0.969,8,-3.397,1,0.129,0.0000176,0.00609,0.304,0.168,164.182,4
spotify:track:42IF4VUNaIGc1oD74rHa8O,"Deep down","Deep down","Aimer",2022-12-07,227146,46,false,1rm8a4ytboch21x75yu5jotkz,2023-01-11T18:07:34Z,"anime,j-pop,j-rock","Sony Music Labels Inc.",0.188,0.692,5,-5.773,0,0.0514,0.238,0,0.224,0.178,158.213,4
spotify:track:6CMjaUiyl7WLPop2AoLbn6,"DOGLAND","DOGLAND","PEOPLE 1",2022-12-14,175216,54,false,1rm8a4ytboch21x75yu5jotkz,2023-01-11T18:07:43Z,"j-pop","Pollyanna Records",0.599,0.899,4,-4.816,0,0.124,0.00494,0.0026,0.337,0.608,139.977,4
spotify:track:5UIFfwovmONqXqzHmscIj5,"バイオレンス","バイオレンス","QUEEN BEE",2022-12-21,232706,45,false,1rm8a4ytboch21x75yu5jotkz,2023-04-12T13:44:14Z,"anime,j-rock,j-pop","Sony Music Labels Inc.",0.646,0.787,11,-5.293,0,0.0523,0.00382,0,0.21,0.768,129.024,4
spotify:track:37vujUbX37xoBmwoddMYck,"FightSong","FightSong","Eve",2022-12-28,208964,55,false,1rm8a4ytboch21x75yu5jotkz,2023-04-12T13:44:02Z,"anime,j-pop,j-rock,vocaloid,japanese indie","TOY'S FACTORY",0.507,0.966,6,-4.046,1,0.0952,0.000382,0.00000126,0.349,0.752,125.913,4
spotify:track:6SqIyW99DmQiRKD1aJj6Kl,"Kazenootosae kikoenai","Kazenootosae kikoenai","JUNNA",2022-01-11,220933,28,false,1rm8a4ytboch21x75yu5jotkz,2022-09-10T14:35:57Z,"anime,j-pop","FlyingDog",0.596,0.916,5,-4.463,0,0.0526,0.00936,0,0.202,0.667,104.998,4
spotify:track:6eU0FN18xGGvz3aAyqSDnt,"Grandeur (Black Clover)","Grandeur (Black Clover)","Nordex",2021-01-09,142957,0,false,1rm8a4ytboch21x75yu5jotkz,2022-09-10T14:36:41Z,"anime","Arcadia Studio",0.555,0.915,5,-4.87,0,0.117,0.0356,0,0.218,0.28,128.083,4
spotify:track:04LCCxG3pbOYeENiyUc7Xb,"Black Rover","ウララ","VK Blanka",2018-04-18,208299,57,false,1rm8a4ytboch21x75yu5jotkz,2022-09-10T14:37:05Z,"anime,j-pop,j-rock","avex trax",0.599,0.932,11,-5.621,1,0.0407,0.00218,0,0.143,0.539,102.071,4
spotify:track:4S3aU06ISAWFb0hIdZ4WL8,"PAiNT it BLACK","PAiNT it BLACK","BiSH",2018-01-19,230431,54,false,1rm8a4ytboch21x75yu5jotkz,2022-09-10T14:37:20Z,"anime,j-rock,j-pop","avex trax",0.482,0.953,7,-1.444,1,0.0577,0.0198,0,0.105,0.453,105.025,4
spotify:track:4lBliLm5ufCBNPlCzpvrQB,"Guess Who Is Back","DNA","Kumi Koda",2018-08-22,206066,55,false,1rm8a4ytboch21x75yu5jotkz,2022-09-10T14:37:33Z,"j-pop,j-r&b,anime","rhythm zone",0.403,0.94,7,-2.791,1,0.16,0.00245,0.00605,0.213,0.417,183.266,4
spotify:track:6IVM1YYZq6K6NG6qqC26o4,"JUSTadICE","JUSTadICE","Seiko Oomori",2019-04-05,232338,54,false,1rm8a4ytboch21x75yu5jotkz,2022-09-10T14:37:43Z,"anime,j-rock,j-pop","avex trax",0.404,0.988,0,-1.756,1,0.193,0.00139,0.00419,0.125,0.38,185.051,4
spotify:track:1mK1HDtie9WU6DAw3VAC4r,"RiGHT NOW","RiGHT NOW","EMPiRE",2019-10-16,212690,50,false,1rm8a4ytboch21x75yu5jotkz,2022-09-10T14:37:49Z,"anime","avex trax",0.402,0.961,6,-2.235,1,0.133,0.0445,0.00000286,0.904,0.312,154.97,4
spotify:track:5RXmLhscstsdvWPN0XtUa0,"Black Catcher","Black Catcher","VK Blanka",2020-01-08,195000,65,false,1rm8a4ytboch21x75yu5jotkz,2022-09-10T14:37:54Z,"anime,j-pop,j-rock","avex trax",0.595,0.885,11,-5.361,0,0.0358,0.000886,0.00000419,0.159,0.682,100.02,4
spotify:track:3SlQVRQAgsc6ac6UBM9dIk,"unlasting","LEO-NiNE","LiSA",2020-10-14,296813,56,false,1rm8a4ytboch21x75yu5jotkz,2022-10-21T17:47:45Z,"anime,j-pop,j-rock","Sony Music Labels Inc.",0.637,0.447,7,-5.893,0,0.0302,0.53,0,0.0977,0.343,113.256,4
spotify:track:2D52zjCyqEIQa221lhw6uk,"This Is War","This Is War","Thirty Seconds To Mars",2009-01-01,326983,5,false,1rm8a4ytboch21x75yu5jotkz,2023-01-29T18:31:38Z,"","Virgin Records",0.402,0.723,6,-5.26,1,0.0579,0.0663,0.000002,0.233,0.224,160.047,4
spotify:track:4mdjTz7RhMC1MPPVu8jNYR,"A Real Life","A Real Life","Greek Fire",2013-03-12,242199,48,true,1rm8a4ytboch21x75yu5jotkz,2023-01-29T18:30:25Z,"","Greek Fire",0.457,0.948,5,-3.621,0,0.075,0.000234,0,0.0744,0.382,134.976,4
spotify:track:0qMip0B2D4ePEjBJvAtYre,"紅蓮華","LEO-NiNE","LiSA",2020-10-14,237586,74,false,1rm8a4ytboch21x75yu5jotkz,2022-09-10T14:39:14Z,"anime,j-pop,j-rock","Sony Music Labels Inc.",0.541,0.977,4,-2.828,0,0.157,0.00321,0.0000513,0.0796,0.263,134.938,4
spotify:track:3J34JtfZNylVXSKN4TDf12,"明け星","明け星","LiSA",2021-10-18,269000,53,false,1rm8a4ytboch21x75yu5jotkz,2023-04-17T20:49:03Z,"anime,j-pop,j-rock","Sony Music Labels Inc.",0.389,0.867,1,-3.604,1,0.048,0.000303,0,0.347,0.215,94.952,4
spotify:track:6Mq4q5OIMO25vBsKpFdlnH,"朝が来る","朝が来る","Aimer",2022-01-10,294933,56,false,1rm8a4ytboch21x75yu5jotkz,2022-09-10T14:39:23Z,"anime,j-pop,j-rock","Sony Music Labels Inc.",0.335,0.92,1,-4.086,1,0.0986,0.00118,0,0.354,0.246,83.117,4
spotify:track:30o2KEcg82vJJRC8Q6hSLL,"Kamado Tanjirou no Uta (From Demon Slayer: Kimetsu no Yaiba)","Kamado Tanjirou no Uta (From Demon Slayer: Kimetsu no Yaiba)","Akano",2019-09-09,147852,0,false,1rm8a4ytboch21x75yu5jotkz,2023-04-17T20:47:58Z,"anime","Akano",0.513,0.285,2,-10.35,0,0.0342,0.604,0,0.163,0.135,151.967,4
spotify:track:7v8wKvNQQIxkugCFFjrkaO,"残響散歌","残響散歌","Aimer",2021-12-06,184893,70,false,1rm8a4ytboch21x75yu5jotkz,2023-04-17T20:49:11Z,"anime,j-pop,j-rock","Sony Music Labels Inc.",0.367,0.896,11,-4.002,1,0.091,0.000627,0,0.207,0.38,170.863,4
spotify:track:2VBLFxCUyFp5BfmsZpxcis,"絆ノ奇跡","絆ノ奇跡","MAN WITH A MISSION,milet",2023-04-10,223320,71,false,1rm8a4ytboch21x75yu5jotkz,2023-04-17T20:50:24Z,"anime,j-rock,j-pop","Sony Music Labels Inc.",0.436,0.951,7,-4.748,0,0.202,0.0046,0,0.149,0.428,169.955,4
spotify:track:3KhwEuqLNjHfsKaBDo1yVh,"Boku no Sensou","Boku no Sensou","Shinsei Kamattechan",2021-02-22,280466,62,false,1rm8a4ytboch21x75yu5jotkz,2022-09-10T14:42:20Z,"anime","PONY CANYON INC.",0.473,0.936,2,-4.877,1,0.0704,0.00916,0.0422,0.31,0.416,144.014,4
spotify:track:4dHOnPucB5VBYq3gjRtYy9,"You See Big Girl / T:T","TV Anime Attack on Titan Season 2 (Original Soundtrack)","Sawano Hiroyuki",2017-06-07,359346,63,false,1rm8a4ytboch21x75yu5jotkz,2023-01-24T20:34:22Z,"anime,soundtrack","PONY CANYON",0.186,0.679,7,-7.884,0,0.0441,0.00756,0.884,0.128,0.227,86.867,4
spotify:track:6k0X05danQOXSBTVek5DU1,"The Rumbling","The Rumbling","SiM",2022-02-07,220799,70,false,1rm8a4ytboch21x75yu5jotkz,2022-09-10T14:42:22Z,"anime,j-rock","PONY CANYON INC.",0.459,0.878,5,-1.399,0,0.0688,0.0000562,0.000307,0.371,0.494,144.852,4
spotify:track:5cRKj1kynNFqiliT2ndZ3y,"Akuma no Ko","Akuma no Ko","Ai Higuchi",2022-01-10,227679,65,false,1rm8a4ytboch21x75yu5jotkz,2023-01-11T18:01:57Z,"anime,j-pop","PONY CANYON INC.",0.561,0.686,6,-6.273,0,0.0473,0.267,0,0.137,0.22,89.97,4
spotify:track:7uF1nTuJRGUlZzODPcmPva,"Ashes on The Fire (Attack on Titan The Final Season Original Soundtrack)","Ashes on The Fire (Attack on Titan The Final Season Original Soundtrack)","KOHTA YAMAMOTO",2021-02-01,274133,50,false,1rm8a4ytboch21x75yu5jotkz,2023-11-16T19:50:10Z,"anime,soundtrack","PONY CANYON INC.",0.214,0.703,7,-9.558,1,0.0487,0.00141,0.928,0.0572,0.0786,101.921,3
spotify:track:7qKXSF8MilgyiL52oq1AA0,"Under the Tree","Under the Tree","SiM",2023-03-04,121692,58,false,1rm8a4ytboch21x75yu5jotkz,2023-11-16T19:51:07Z,"anime,j-rock","PONY CANYON INC.",0.272,0.888,11,-1.757,0,0.068,0.00413,0,0.232,0.637,159.893,4
spotify:track:7AEcphXUR52QGYxdZ8TDVI,"Vogel Im Kafig","TV Anime Attack on Titan Original Soundtrack","Sawano Hiroyuki",2013,380053,59,false,1rm8a4ytboch21x75yu5jotkz,2023-11-16T19:51:39Z,"anime,soundtrack","PONY CANYON INC.",0.109,0.335,9,-12.749,0,0.0353,0.386,0.91,0.0992,0.0397,75.475,4
spotify:track:5IzZpz0vA73IIjqFPpXSXP,"Attack on Titan","TV Anime Attack on Titan Original Soundtrack","Sawano Hiroyuki",2013,256920,62,false,1rm8a4ytboch21x75yu5jotkz,2023-11-16T19:52:13Z,"anime,soundtrack","PONY CANYON INC.",0.54,0.608,2,-8.498,1,0.0508,0.00182,0.76,0.106,0.0389,125.01,4
spotify:track:5QwAdWCnauw0GpDzM3glrO,"Shogeki","Shogeki","Yuko Ando",2020-12-07,181594,56,false,1rm8a4ytboch21x75yu5jotkz,2023-11-16T19:52:36Z,"anime","PONY CANYON INC.",0.399,0.723,11,-4.507,1,0.0681,0.124,0,0.352,0.22,137.032,4
spotify:track:0LQs5gRhqJKLOl8fFukRsQ,"よふかしのうた - Yofukashino Uta","よふかしのうた - Yofukashino Uta","Creepy Nuts",2018-12-12,237913,66,false,1rm8a4ytboch21x75yu5jotkz,2022-09-16T13:41:01Z,"anime,j-pop,j-rap","Sony Music Labels Inc.",0.746,0.976,5,-3.123,0,0.187,0.188,0,0.353,0.912,115.048,4
spotify:track:7pnrEn4Y9MY8lYKNhUnHsc,"英雄　運命の詩","Eiyu Unmei No Uta","EGOIST",2017-08-18,284173,0,false,1rm8a4ytboch21x75yu5jotkz,2022-09-19T15:39:51Z,"anime,j-pop,j-rock","Sony Music Labels Inc.",0.402,0.892,2,-4.072,1,0.224,0.0159,0,0.324,0.322,176.88,4
spotify:track:3QH93rAs2Od0Gbxs2fn4gI,"GO CRY GO","Hello New World","OxT",2018-09-12,219160,37,false,1rm8a4ytboch21x75yu5jotkz,2022-09-29T13:25:52Z,"anime,j-rock","KADOKAWA",0.491,0.979,9,-3.197,1,0.0982,0.0134,0,0.32,0.4,101.031,4
spotify:track:6nVIKrgE7lIlgLPbJ6l29f,"VORACITY","MYTH & ROID ベストアルバム「MUSEUM-THE BEST OF MYTH & ROID-」","MYTH & ROID",2020-03-04,231704,52,false,1rm8a4ytboch21x75yu5jotkz,2022-09-29T13:26:30Z,"anime,j-rock,j-pop","KADOKAWA",0.489,0.897,10,-4.765,0,0.166,0.0082,0.000253,0.286,0.518,99.831,4
spotify:track:01tsmqpE09zgtyJhUNETV6,"Silent Solitude (Overlord III)","Silent Solitude (Overlord III)","Shayne Orok",2018-09-26,89454,21,false,1rm8a4ytboch21x75yu5jotkz,2022-10-01T06:32:52Z,"anime,j-pop","Shayne Orok",0.65,0.83,3,-5.72,0,0.0609,0.00677,0,0.96,0.375,109.984,4
spotify:track:3w7j5vtYOyNoB2hewUgn0G,"NO MAN'S DAWN","ENDING THEME FROM TV SERIES ”OVERLORD IV”","前島麻由",2022-07-27,233452,50,false,1rm8a4ytboch21x75yu5jotkz,2023-01-11T17:57:12Z,"anime","KADOKAWA",0.366,0.915,2,-2.018,1,0.071,0.00286,0.000105,0.252,0.302,169.825,4
spotify:track:3BIhcWQV2hGRoEXdLL3Fzw,"fantastic dreamer","SOL","Machico",2017-05-24,243666,48,false,1rm8a4ytboch21x75yu5jotkz,2022-10-21T17:42:56Z,"anime","Nippon Columbia Co., Ltd. / NIPPONOPHONE",0.514,0.973,1,-1.931,0,0.101,0.205,0.0000616,0.165,0.532,92.54,4
spotify:track:478MR37OX1FZV8ngGCqemn,"TOMORROW","SOL","Machico",2017-05-24,277480,50,false,1rm8a4ytboch21x75yu5jotkz,2022-10-21T17:43:14Z,"anime","Nippon Columbia Co., Ltd. / NIPPONOPHONE",0.622,0.984,5,-1.561,1,0.183,0.0654,0.00000304,0.199,0.478,134.067,4
spotify:track:47IJAEuqiu4r1dEoEExfMA,"空想メソロギヰ","PAX VESANIA","Yousei Teikoku",2013-03-27,243226,56,false,1rm8a4ytboch21x75yu5jotkz,2022-10-21T17:43:49Z,"visual kei,j-rock,anime","Lantis",0.494,0.954,1,-1.77,0,0.0794,0.00215,0,0.331,0.429,114.971,4
spotify:track:2XKC1yPYhtI5zPBofGBbzQ,"1","1","MOB CHOIR",2022-10-05,229613,54,false,1rm8a4ytboch21x75yu5jotkz,2022-10-31T21:01:44Z,"anime","ワーナー ブラザース ジャパン",0.453,0.968,7,-3.304,1,0.175,0.0109,0.0000408,0.117,0.366,168.017,4
spotify:track:7rqYTYi70xZBqEMAtSVhXc,"アイウエ","アイウエ","MAISONdes,美波,SAKURAmoti",2022-10-14,222366,50,false,1rm8a4ytboch21x75yu5jotkz,2022-11-02T11:06:59Z,"j-pop,anime,j-rock,vocaloid","Sony Music Labels Inc.",0.545,0.972,11,-0.609,0,0.203,0.181,0,0.0546,0.654,167.149,4
spotify:track:35HG9pEYqKuCBrrqDFmf1s,"This Fffire (from Cyberpunk Edgerunners)","This Fffire (from Cyberpunk Edgerunners)","Power Trackz 4.0",2022-07-06,89338,35,false,1rm8a4ytboch21x75yu5jotkz,2022-12-23T23:41:07Z,"","Power Trackz 4.0",0.44,0.725,0,-10.144,1,0.0369,0.0000816,0.023,0.0638,0.929,146.681,4
spotify:track:1qpGMJi0ippCaMUOs7cz2q,"Let You Down","Let You Down","Dawid Podsiadło",2022-09-12,227046,64,false,1rm8a4ytboch21x75yu5jotkz,2022-12-23T14:58:08Z,"","Pur Pur",0.326,0.369,0,-8.003,1,0.0272,0.168,0.0477,0.111,0.0776,110.046,4
spotify:track:1bwHUsQwWSWzoxlULC0wwT,"聖者の行進","聖者の行進","Tatsuya Kitani",2021-07-22,177168,46,false,1rm8a4ytboch21x75yu5jotkz,2023-03-10T21:25:15Z,"anime,j-pop,j-rock","Sony Music Labels Inc.",0.534,0.84,8,-4.798,1,0.112,0.00136,0,0.499,0.539,157.948,4
spotify:track:1tjOClAkdMxDfYPO0xvGbG,"THE DAY","Butterfly Effect","PornoGraffitti",2017-10-25,241626,63,false,1rm8a4ytboch21x75yu5jotkz,2023-04-17T21:10:38Z,"anime,j-pop,j-rock","Sony Music Labels Inc.",0.512,0.933,1,-4.759,0,0.0738,0.000761,0,0.342,0.465,92.998,4
spotify:track:7kRKlFCFLAUwt43HWtauhX,"LOST IN PARADISE","LOST IN PARADISE","ALI,AKLO",2020-10-10,327966,66,false,1rm8a4ytboch21x75yu5jotkz,2023-09-20T18:41:09Z,"anime,j-pop,j-rap,j-r&b","Sony Music Labels Inc.",0.648,0.904,6,-4.565,0,0.0786,0.0961,0.00000207,0.0629,0.728,121.994,4
spotify:track:3x4378ztiLvFmm2nuzEI0C,"The Cruel Angel's Thesis (Director's Edit Version)","NEON GENESIS EVANGELION (Original Series Soundtrack)","高橋　洋子",2019-06-21,245093,63,false,1rm8a4ytboch21x75yu5jotkz,2023-09-20T18:43:00Z,"city pop,anime","Masterworks",0.646,0.677,0,-9.477,0,0.0432,0.0337,0.000002,0.13,0.588,128.125,4
spotify:track:2k9WjoW8aRuQWXgjR9ViAx,"Gospel of the Throttle (Drifters Op Remix)","Gospel of the Throttle (Drifters Op Remix)","Minutes Til Midnight",2017-10-27,179381,38,false,1rm8a4ytboch21x75yu5jotkz,2023-09-20T18:47:34Z,"anime","Digital Noir Records",0.491,0.864,2,-9.577,1,0.0434,0.0000844,0.567,0.29,0.669,97.006,4
spotify:track:0GWNtMohuYUEHVZ40tcnHF,"SPECIALZ","SPECIALZ","King Gnu",2023-09-01,238986,72,false,1rm8a4ytboch21x75yu5jotkz,2023-09-25T15:27:38Z,"j-pop,anime,j-rock","Sony Music Labels Inc.",0.566,0.85,6,-4.431,0,0.0599,0.0663,0,0.319,0.722,117.048,4
spotify:track:4LjIQmt1t6NjpM0tpttzjo,"勇者","勇者","YOASOBI",2023-09-29,194164,65,false,1rm8a4ytboch21x75yu5jotkz,2023-11-02T22:12:21Z,"j-pop,anime","YOASOBI",0.641,0.887,5,-4.665,1,0.0443,0.047,0.0000136,0.171,0.501,104.015,4
spotify:track:7FeEiAWqWScpMFnlLSUvX2,"Anytime Anywhere","Anytime Anywhere","milet",2023-09-29,230449,63,false,1rm8a4ytboch21x75yu5jotkz,2023-12-07T17:54:19Z,"j-pop,anime,j-rock","Sony Music Labels Inc.",0.365,0.767,4,-4.107,1,0.0659,0.498,0,0.156,0.399,109.261,5
spotify:track:5eY7692tmgHB9dbmq6wa2M,"晴る","晴る","Yorushika",2024-01-05,270705,72,false,1rm8a4ytboch21x75yu5jotkz,2024-08-24T21:54:43Z,"j-pop,j-rock,japanese indie,anime","Universal Music LLC",0.695,0.571,11,-6.249,0,0.111,0.032,0.00000358,0.118,0.726,101.955,4
spotify:track:5v3cE1JozTgYP4sdaDygDE,"Zoltraak","Frieren: Beyond Journey's End - Original Series Soundtrack EP","Evan Call",2023-12-22,140664,45,false,1rm8a4ytboch21x75yu5jotkz,2024-04-16T21:30:48Z,"anime,soundtrack","Milan",0.454,0.819,7,-8.229,0,0.053,0.01,0.792,0.105,0.575,145.086,4
spotify:track:3UMRhdJ5UDK68YiW0AqDtH,"bliss","Anytime Anywhere","milet",2024-01-31,259092,53,false,1rm8a4ytboch21x75yu5jotkz,2024-04-30T09:20:02Z,"j-pop,anime,j-rock","Sony Music Labels Inc.",0.176,0.561,1,-3.88,0,0.0401,0.233,0,0.261,0.162,67.096,4
spotify:track:42qNWdLKCI41S4uzfamhFM,"Duvet","Twilight","bôa",2001-03-21,203600,85,false,1rm8a4ytboch21x75yu5jotkz,2024-01-23T16:27:10Z,"","Nettwerk Music Group",0.583,0.888,11,-9.414,0,0.0349,0.191,0.0000458,0.0936,0.706,93.206,4
spotify:track:3ia8uKWZIDLp8hKm18zuNS,"FLY ME TO THE MOON - YOKO TAKAHASHI Acid Bossa Version","NEON GENESIS EVANGELION (Original Series Soundtrack)","Shiro SAGISU,高橋　洋子",2019-06-21,230480,49,false,1rm8a4ytboch21x75yu5jotkz,2024-02-06T06:56:43Z,"anime,soundtrack,city pop","Masterworks",0.869,0.3,9,-15.121,0,0.0433,0.398,0.0828,0.0711,0.875,117.987,4
spotify:track:5ktgImJ7uP5gR2Pv85R9Qy,"Knock Out","Knock Out","Okazaki Taiiku",2023-04-08,225666,47,false,1rm8a4ytboch21x75yu5jotkz,2024-02-17T22:01:29Z,"anime,j-pop","Sony Music Labels Inc.",0.377,0.987,11,-0.731,0,0.158,0.0000312,0,0.307,0.431,179.931,4
spotify:track:0kdqcbwei4MDWFEX5f33yG,"Bling-Bang-Bang-Born","Bling-Bang-Bang-Born","Creepy Nuts",2024-01-07,168135,76,false,1rm8a4ytboch21x75yu5jotkz,2024-02-17T22:01:32Z,"anime,j-pop,j-rap","Sony Music Labels Inc.",0.853,0.822,6,-6.836,0,0.246,0.0841,0.00985,0.166,0.746,157.013,4
spotify:track:6JXAzCUM0Drgc4FgVA6mGC,"Fallen Angel feat. Aimee B","Panty & Stocking with Garterbelt　The Original Soundtrack","Mitsunori Ikeda,Aimee B",2010-12-29,267600,50,false,1rm8a4ytboch21x75yu5jotkz,2024-05-09T22:06:03Z,"","FlyingDog",0.804,0.765,1,-5.612,1,0.0584,0.21,0.123,0.0993,0.91,94.994,4
spotify:track:30kpqo2lUMRZcn9CwRXNPR,"D City Rock feat. Debra Zeer","Panty & Stocking with Garterbelt　The Original Soundtrack","TeddyLoid,Debra Zeer",2010-12-29,272400,46,false,1rm8a4ytboch21x75yu5jotkz,2024-05-09T22:06:25Z,"vocaloid","FlyingDog",0.624,0.757,10,-4.539,1,0.0576,0.114,0.00148,0.493,0.618,134.968,4
spotify:track:7olMFQZhjN2EHf7ra2PjE7,"Fly Away","Panty & Stocking with Garterbelt　The Original Soundtrack","TeddyLoid",2010-12-29,263826,57,false,1rm8a4ytboch21x75yu5jotkz,2024-05-09T22:06:30Z,"vocaloid","FlyingDog",0.735,0.803,6,-3.95,0,0.37,0.0171,0.000378,0.162,0.737,131.962,4
spotify:track:6Za2rCpQhZrRXldgz1MFAk,"Theme for Scanty & Knee Socks","Panty & Stocking with Garterbelt　The Original Soundtrack","TeddyLoid",2010-12-29,254053,51,false,1rm8a4ytboch21x75yu5jotkz,2024-05-09T22:06:33Z,"vocaloid","FlyingDog",0.664,0.815,7,-4.994,0,0.345,0.0111,0.00000285,0.095,0.405,128.037,4
spotify:track:4qQTqlOWCftZYufh9uUzO9,"旅人の唄","旅人の唄","大原ゆい子",2021-01-11,264087,44,false,1rm8a4ytboch21x75yu5jotkz,2024-06-03T19:44:34Z,"anime,j-pop","TOHO animation RECORDS",0.404,0.668,10,-5.746,0,0.0303,0.0137,0.000326,0.123,0.495,136.98,3
spotify:track:6xAIVrhyFQaHwPVWfUvWvE,"spiral","spiral","LONGMAN",2023-07-10,231066,56,false,1rm8a4ytboch21x75yu5jotkz,2024-06-03T19:45:14Z,"anime,melodic hardcore","Sony Music Labels Inc.",0.604,0.826,3,-3.98,1,0.038,0.00686,0.00000275,0.228,0.461,122.015,4
spotify:track:4jAUeWwomc0Pn0O8gq5Y0u,"オン・ザ・フロントライン","オン・ザ・フロントライン","Hitorie",2024-04-15,207775,48,false,1rm8a4ytboch21x75yu5jotkz,2024-06-03T19:53:05Z,"j-rock,vocaloid,anime,j-pop","Sony Music Labels Inc.",0.581,0.939,1,-3.866,0,0.0534,0.00946,0,0.323,0.598,96.968,4
spotify:track:7ovUcF5uHTBRzUpB6ZOmvt,"アイドル","アイドル","YOASOBI",2023-04-12,213233,73,false,1rm8a4ytboch21x75yu5jotkz,2024-08-25T23:35:47Z,"j-pop,anime","YOASOBI",0.574,0.935,1,-2.783,1,0.0926,0.112,0.00000107,0.367,0.836,166.008,4
spotify:track:45LUKiex0D78VuhP3Oz6mG,"メフィスト","メフィスト","QUEEN BEE",2023-04-20,227320,60,false,1rm8a4ytboch21x75yu5jotkz,2024-08-25T23:37:21Z,"anime,j-rock,j-pop","Sony Music Labels Inc.",0.531,0.731,2,-5.885,0,0.0522,0.0411,0,0.151,0.549,150.01,4
spotify:track:7gJD9BarjoFwL2BNQ0rpWT,"ファタール - Fatal","ファタール - Fatal","GEMN,Kento Nakajima,Tatsuya Kitani",2024-07-04,219200,68,false,1rm8a4ytboch21x75yu5jotkz,2025-01-14T16:22:10Z,"anime,j-pop,j-rock","Sony Music Labels Inc.",0.636,0.937,5,-3.171,0,0.16,0.0283,0,0.265,0.766,156,4
spotify:track:0DCUrM5omLum9e4UXCKhEM,"Burning","Burning","Hitsujibungaku",2024-07-03,231250,59,false,1rm8a4ytboch21x75yu5jotkz,2025-01-14T16:22:12Z,"japanese indie,j-pop,anime,shoegaze,j-rock","F.C.L.S.",0.533,0.907,3,-2.281,1,0.0757,0.00166,0.0736,0.288,0.629,95.918,4
spotify:track:2qWgpqtIdsJmGL9QVEBXfF,"Red fraction","MELLSCOPE","MELL",2008-08-20,221386,7,false,1rm8a4ytboch21x75yu5jotkz,2024-09-13T21:09:46Z,"anime","NBCUniversal Entertainment",0.531,0.981,4,-6.964,0,0.108,0.000204,0.0214,0.203,0.393,142,4
spotify:track:6wOazYrDGLhMAhwU6RArlg,"Sing My Pleasure","Sing My Pleasure","ヴィヴィ(Vo.八木海莉)",2021-04-18,289274,48,false,1rm8a4ytboch21x75yu5jotkz,2024-10-19T20:42:09Z,"anime,j-pop","Aniplex Inc.",0.477,0.954,5,-2.4,0,0.0729,0.00387,0.00000239,0.386,0.455,87.434,4
spotify:track:1p0WZg4NXoNVGj2AuoLJe7,"熱情のスペクトラム","Chou Ikimonobakari Tennen Kinen Members Best Selection","Ikimonogakari",2006,223613,65,false,1rm8a4ytboch21x75yu5jotkz,2024-10-19T20:44:19Z,"anime,j-pop,j-rock","Sony Music Labels Inc.",0.479,0.902,11,-2.665,0,0.0439,0.0593,0,0.394,0.748,159.975,4
spotify:track:0vgQEQxb49LCKEH5Gg7E4z,"ROB THE FRONTIER","UNSER","UVERworld",2019-12-04,232773,50,false,1rm8a4ytboch21x75yu5jotkz,2024-10-19T20:46:23Z,"anime,j-rock,j-pop","Sony Music Labels Inc.",0.529,0.961,2,-2.921,0,0.06,0.0000826,0,0.277,0.582,110.004,4
spotify:track:6bPPyigCphBBQ9781j6eKM,"COLORS","FLOW THE BEST 〜Single Collection〜","FLOW",2006,218493,62,false,1rm8a4ytboch21x75yu5jotkz,2024-10-19T20:47:14Z,"anime,j-rock,j-pop","Sony Music Labels Inc.",0.457,0.877,1,-4.229,1,0.0504,0.0353,0,0.106,0.387,136.03,4
spotify:track:4RMQc14Cq14LmPpKXtFDHx,"Ｏ2","PANIC FANCY","ORANGE RANGE",2008-07-09,237173,55,false,1rm8a4ytboch21x75yu5jotkz,2024-10-19T20:49:17Z,"j-pop,anime,j-rock","Sony Music Labels Inc.",0.508,0.946,9,-3.569,0,0.0849,0.00438,0,0.126,0.811,170.083,4
spotify:track:4wODMeGBAwLAmq0zSAb8Z3,"WORLD END","#5","FLOW",2009-01-28,226946,49,false,1rm8a4ytboch21x75yu5jotkz,2024-10-19T20:50:07Z,"anime,j-rock,j-pop","Sony Music Labels Inc.",0.339,0.925,0,-3.64,1,0.0565,0.0000111,0,0.328,0.521,178.375,4
spotify:track:48sA84eSu3NA4iwGTARt6C,"ソングオブザデッド","ソングオブザデッド","KANA-BOON",2023-09-20,196440,42,false,1rm8a4ytboch21x75yu5jotkz,2025-01-26T20:55:25Z,"anime,j-rock,j-pop","Sony Music Labels Inc.",0.429,0.973,2,-2.69,1,0.179,0.00298,0.000019,0.158,0.385,169.122,4
spotify:track:7C5NSfzNVC7QmgoR9bCtyv,"ハピネス オブ ザ デッド","ハピネス オブ ザ デッド","Shiyui",2023-08-09,173840,35,false,1rm8a4ytboch21x75yu5jotkz,2025-01-26T20:55:32Z,"anime,j-pop","Sony Music Labels Inc.",0.657,0.915,7,-3.364,1,0.0994,0.0275,0,0.356,0.695,116.015,4
spotify:track:4HRLkT2Hf30ToJhnUa11nU,"Hellsing - Logos Naki World - A World Without Logos - Main Theme","Hellsing - Logos Naki World - A World Without Logos - Main Theme","Geek Music",2018-10-02,246166,40,false,1rm8a4ytboch21x75yu5jotkz,2025-02-26T19:23:45Z,"anime","Geek Music",0.524,0.435,4,-13.384,0,0.0252,0.252,0.876,0.208,0.547,89.972,4
spotify:track:0P73BrE6JWgdX0TX0a3Lkz,"Ultimate Hellsing Alucard Theme","Ultimate Hellsing Alucard Theme","Konishi Kayo",2024-10-18,309786,0,false,1rm8a4ytboch21x75yu5jotkz,2025-02-26T19:28:56Z,"","Konishi Kayo",0.4,0.37,2,-9.509,1,0.0421,0.0675,0.91,0.077,0.774,159.665,3
spotify:track:2Ey9fkDU4zFViAn50PH1C7,"Alucard Theme The World Without Logos","Alucard Theme The World Without Logos","Konishi Kayo",2024-12-13,159477,0,false,1rm8a4ytboch21x75yu5jotkz,2025-02-26T19:31:01Z,"","Konishi Kayo",0.33,0.765,0,-7.64,1,0.0476,0.0125,0.834,0.594,0.423,95.907,4
spotify:track:0Q47whe0gyN7QwrAV8mFzC,"Bellflowers Sweet Smell","Hellsing the Hunt","Noah Smith Sound",2024-11-30,205906,21,false,1rm8a4ytboch21x75yu5jotkz,2025-02-26T19:33:42Z,"","Noah Smith Sound",0.395,0.327,3,-11.103,0,0.0369,0.687,0.934,0.112,0.0831,141.576,4
spotify:track:0ODOmKxO0CKv4DzoP3HHIC,"嘘","hikari","SID",2009-07-01,205973,0,false,1rm8a4ytboch21x75yu5jotkz,2025-03-09T16:31:20Z,"anime,visual kei,j-rock,j-pop","Sony Music Labels Inc.",0.438,0.939,11,-3.545,0,0.0586,0.0118,0,0.212,0.842,179.853,4
spotify:track:3s067jTdOv8wnuUHeXdtjT,"ホログラム","オーロラ","NICO Touches the Walls",2009-11-25,248906,58,false,1rm8a4ytboch21x75yu5jotkz,2025-03-09T16:31:30Z,"anime,j-rock,j-pop","Sony Music Labels Inc.",0.388,0.894,0,-3.425,1,0.0455,0.000808,0,0.199,0.724,156.12,4
spotify:track:3O6uWEmwDlkT7EmucuRdvB,"LET IT OUT","LET IT OUT","Miho Fukuhara",2009-09-09,260680,49,false,1rm8a4ytboch21x75yu5jotkz,2025-03-09T16:31:39Z,"anime,j-r&b,j-pop","Sony Music Labels Inc.",0.517,0.871,5,-2.258,1,0.0387,0.0293,0,0.261,0.638,87.961,4
spotify:track:2LZ9iobmtiQa52mZMIebuH,"レイン","dead stock","SID",2011-02-23,255533,57,false,1rm8a4ytboch21x75yu5jotkz,2025-03-09T16:32:15Z,"anime,visual kei,j-rock,j-pop","Sony Music Labels Inc.",0.585,0.795,1,-4.905,0,0.0293,0.0286,0,0.122,0.666,94.964,4
spotify:track:4KuMAhJs6z7WKEJc5l5Ugl,"Rhapsody of Blue Sky","Rhapsody of Blue Sky (Artist Version)","fhána",2017-01-25,278000,38,false,1rm8a4ytboch21x75yu5jotkz,2025-03-09T16:33:23Z,"anime,j-pop","Lantis/U/M/A/A",0.661,0.973,8,-3.719,1,0.101,0.0164,0.263,0.178,0.503,135.045,4
spotify:track:7p5usmrIgm3iV1qpYXBsXd,"Love Supreme!","Love Supreme!","fhána",2021-07-14,284000,36,false,1rm8a4ytboch21x75yu5jotkz,2025-03-09T16:33:30Z,"anime,j-pop","Lantis / U/M/A/A",0.656,0.976,10,-2.881,1,0.0609,0.268,0.0366,0.367,0.902,135.01,4
spotify:track:3mScGCzxiXA9OaHdBeuk7O,"crossing field","LANDSPACE","LiSA",2013-10-30,248946,2,false,1rm8a4ytboch21x75yu5jotkz,2025-03-09T16:34:01Z,"anime,j-pop,j-rock","NITRON concepts",0.447,0.983,5,-2.281,1,0.268,0.0157,0,0.276,0.317,179.072,4
spotify:track:0N63llGavaESfPRIZkDkvL,"INNOCENCE","BLAU","Eir Aoi",2013-01-30,277320,54,false,1rm8a4ytboch21x75yu5jotkz,2025-03-09T16:34:25Z,"anime,j-pop,j-rock","Sony Music Labels Inc.",0.339,0.932,1,-2.419,0,0.118,0.00583,0.0000063,0.273,0.486,182.808,4
spotify:track:5ivhfpfnoHhD8rUI2t3aJG,"IGNITE","D'AZUR","Eir Aoi",2015-06-24,244173,58,false,1rm8a4ytboch21x75yu5jotkz,2025-03-09T16:34:37Z,"anime,j-pop,j-rock","Sony Music Labels Inc.",0.414,0.972,9,-2.41,0,0.258,0.00721,0,0.3,0.395,170.957,4
spotify:track:4QH5Dw1Rmzf3czMvsHRD7B,"courage","Haruka Tomatsu Best Selection Sunshine","Haruka Tomatsu",2008,253160,0,false,1rm8a4ytboch21x75yu5jotkz,2025-03-09T16:34:50Z,"anime,j-pop","MusicRay'n Inc.",0.568,0.939,4,-1.577,0,0.0446,0.0657,0,0.368,0.676,97.937,4
spotify:track:7xsTPnzpEcqCQguRxnBxOR,"ADAMAS","Akai Wana (Who Loves It?) / ADAMAS","LiSA",2018-12-12,225000,1,false,1rm8a4ytboch21x75yu5jotkz,2025-03-09T16:35:12Z,"anime,j-pop,j-rock","NITRON concepts",0.508,0.991,1,-1.768,0,0.123,0.00906,0.0000128,0.316,0.295,95.524,4
spotify:track:2SsLcXEBuTZYv6mW1a3C53,"アイリス","Iris","Eir Aoi",2018-10-26,247426,0,false,1rm8a4ytboch21x75yu5jotkz,2025-03-09T16:35:18Z,"anime,j-pop,j-rock","Sony Music Labels Inc.",0.595,0.895,9,-2.619,0,0.0504,0.109,0,0.242,0.696,129.034,4
spotify:track:2lO9sYbtyixyMIlj3TDcuU,"RESISTER","Resister (Special Edition)","ASCA",2019-02-27,227573,0,false,1rm8a4ytboch21x75yu5jotkz,2025-03-09T16:35:23Z,"anime,j-pop,j-rock","NITRON concepts",0.48,0.945,5,-3.195,0,0.081,0.00921,0,0.145,0.396,91.503,4
spotify:track:3A4Najtnflk9RIdkM34Njs,"forget-me-not","forget-me-not","ReoNa",2019-02-06,266560,0,false,1rm8a4ytboch21x75yu5jotkz,2025-03-09T16:35:30Z,"anime,j-pop,j-rock","Sony Music Labels Inc.",0.462,0.918,5,-3.865,1,0.0833,0.0044,0.00000113,0.307,0.518,147.954,4
spotify:track:4yws3mFm1DLQ20Z8UWcah7,"Resolution","Resolution","Haruka Tomatsu",2019-10-13,290233,0,false,1rm8a4ytboch21x75yu5jotkz,2025-03-09T16:35:37Z,"anime,j-pop","NITRON concepts",0.525,0.981,7,-1.278,1,0.136,0.15,0,0.401,0.498,97.603,4
spotify:track:3ISBmcdNPprA32RCm3tx50,"ANIMA","ANIMA","ReoNa",2020-07-13,267177,0,false,1rm8a4ytboch21x75yu5jotkz,2025-03-09T16:35:50Z,"anime,j-pop,j-rock","Sony Music Labels Inc.",0.459,0.911,1,-4.568,1,0.114,0.000893,0,0.226,0.475,96.541,4
spotify:track:2BTIKSOhf3X8OA3LWbFW2U,"I will...","I will...","Eir Aoi",2020-08-12,274320,33,false,1rm8a4ytboch21x75yu5jotkz,2025-03-09T16:35:56Z,"anime,j-pop,j-rock","Sony Music Labels Inc.",0.43,0.963,2,-3.912,1,0.225,0.00287,0,0.11,0.527,175.97,4
spotify:track:5j4e4aydqGyHOvQ486Yw1Z,"プレパレード (第1-16話 OP)","熱烈！アニソン魂 THE BEST カバー楽曲集 TVアニメシリーズ『とらドラ!』","mami",2019-07-24,202500,33,false,1rm8a4ytboch21x75yu5jotkz,2025-03-09T16:36:22Z,"anime","fyto inc.",0.577,0.942,0,-4.327,1,0.0396,0.000823,0.367,0.135,0.8,160.038,4
spotify:track:65tYeD8dxMPNUN74u52ScV,"silky heart","√HAPPY END","Yui Horie",2012-02-08,235733,35,false,1rm8a4ytboch21x75yu5jotkz,2025-03-09T16:36:32Z,"anime,j-pop","KING RECORDS",0.675,0.952,11,-2.784,1,0.0402,0.000197,0.276,0.622,0.861,135.002,4
spotify:track:4QnWGv3njjxN9gurEs2VLV,"BLOW OUT","HIGECORE!","Konomi Suzuki",2013,218067,21,false,1rm8a4ytboch21x75yu5jotkz,2025-03-09T16:36:55Z,"anime,j-pop,j-rock","KADOKAWA",0.435,0.874,9,-3.966,1,0.0916,0.00133,0,0.292,0.412,96.205,4
spotify:track:7GIm1pO5HRG5zF8WMCow0U,"剪刀刺客 - 动画《刺客伍六七》主题曲","剪刀刺客 (动画《刺客伍六七》主题曲)","大主宰乐团",2018-04-28,244556,37,false,1rm8a4ytboch21x75yu5jotkz,2025-03-09T16:37:31Z,"chinese rock,anime","奔跑怪物（北京）文化娱乐有限公司",0.445,0.95,2,-4.133,0,0.0683,0.00331,0.0000806,0.0946,0.392,158,4
spotify:track:3Sl01L0MmTm86z33NPHoAq,"STRENGTH.","ABINGDON ROAD","Abingdon Boys School",2010-02-10,275000,43,false,1rm8a4ytboch21x75yu5jotkz,2025-03-09T16:38:19Z,"j-rock,anime,visual kei","Sony Music Labels Inc.",0.474,0.97,9,-3.187,0,0.147,0.0145,0,0.331,0.445,95,4
spotify:track:4kRTgvsaaNNBFMcac3OewD,"resonance (ソウルイーター)","JAPAN ANIMESONG COLLECTION VOL.28 [アニソン・ジャパン]","Yuuki Okamoto",2009-05-27,224000,38,false,1rm8a4ytboch21x75yu5jotkz,2025-03-09T16:39:59Z,"anime","fyto inc.",0.401,0.961,8,-3.821,0,0.179,0.00794,0,0.158,0.439,164.951,4
spotify:track:3RcAU5RwZWXI0gP4lfhQU3,"PSI-missing","LINKAGE","川田まみ",2010,261506,0,false,1rm8a4ytboch21x75yu5jotkz,2025-04-02T17:31:55Z,"anime,j-pop","NBCUniversal Entertainment",0.519,0.961,5,-6,1,0.0781,0.00706,0.00025,0.168,0.451,129.974,4
spotify:track:6MJeRVnm7ILPDvNNkQXuXY,"masterpiece","MAMI KAWADA BEST -BIRTH-","川田まみ",2013,277720,0,false,1rm8a4ytboch21x75yu5jotkz,2025-04-02T17:31:55Z,"anime,j-pop","NBCUniversal Entertainment",0.441,0.954,0,-5.245,1,0.236,0.0118,0.000226,0.418,0.435,167.007,4
spotify:track:3qt0xzkw35z9cWHCFYgmIs,"No buts!","MAMI KAWADA BEST -BIRTH-","川田まみ",2013,217706,0,false,1rm8a4ytboch21x75yu5jotkz,2025-04-02T17:31:55Z,"anime,j-pop","NBCUniversal Entertainment",0.436,0.883,11,-3.79,1,0.0841,0.00157,0.00000198,0.331,0.477,182.988,4
spotify:track:0mbyhR6yezeMz1aBAFkdyt,"See visionS","MAMI KAWADA BEST -BIRTH-","川田まみ",2013,322666,0,false,1rm8a4ytboch21x75yu5jotkz,2025-04-02T17:31:55Z,"anime,j-pop","NBCUniversal Entertainment",0.382,0.784,1,-6.222,1,0.0616,0.000353,0,0.609,0.229,164,3
spotify:track:72nxG9oS1W6lta9ZqIjXYe,"Magic∞world","Butterfly Effect","黒崎真音",2011,247306,0,false,1rm8a4ytboch21x75yu5jotkz,2025-04-02T17:31:55Z,"anime,j-rock","NBCUniversal Entertainment",0.474,0.947,4,-4.4,0,0.117,0.000254,0.000106,0.0951,0.387,171.004,4
spotify:track:5VfB5j8z4a4Lskjzyl5h2v,"メモリーズ･ラスト","メモリーズ･ラスト","黒崎真音",2011,248186,0,false,1rm8a4ytboch21x75yu5jotkz,2025-04-02T17:31:55Z,"anime,j-rock","NBCUniversal Entertainment",0.474,0.869,2,-4.494,1,0.0554,0.0651,0.00000879,0.107,0.591,173.131,4
spotify:track:03SOjIlht2my2jYVaa6kQc,"Gravitation","Gravitation","黒崎真音",2019-06-01,266466,0,false,1rm8a4ytboch21x75yu5jotkz,2025-04-02T17:31:55Z,"anime,j-rock","NBCUniversal Entertainment",0.329,0.834,10,-3.725,1,0.091,0.0206,0.00000677,0.365,0.451,200.039,4
spotify:track:3bGUP1Mn1vltLGKrJGVlJz,"ROAR","Beloved One","黒崎真音",2020-07-17,247852,0,false,1rm8a4ytboch21x75yu5jotkz,2025-04-02T17:31:55Z,"anime,j-rock","NBCUniversal Entertainment",0.519,0.955,6,-1.249,0,0.0516,0.00708,0.00000269,0.641,0.576,118.054,4
spotify:track:08hU4ic3BmXofI27o0vNCY,"only my railgun","infinite synthesis","fripSide",2010,254080,1,false,1rm8a4ytboch21x75yu5jotkz,2025-04-02T17:31:55Z,"anime,j-pop","NBCUniversal Entertainment",0.57,0.998,6,-1.336,1,0.16,0.22,0.255,0.317,0.34,142.993,4
spotify:track:6mN9tHvsUX52mUyVNuoxGt,"LEVEL5-judgelight-","infinite synthesis","fripSide",2010,263240,0,false,1rm8a4ytboch21x75yu5jotkz,2025-04-02T17:31:55Z,"anime,j-pop","NBCUniversal Entertainment",0.563,0.993,8,-0.641,0,0.131,0.161,0.0935,0.31,0.466,139.505,4
spotify:track:0SmtPhkLnifw8Xn1T3wJ9C,"future gazer","infinite synthesis","fripSide",2010,247173,0,false,1rm8a4ytboch21x75yu5jotkz,2025-04-02T17:31:55Z,"anime,j-pop","NBCUniversal Entertainment",0.56,0.997,9,-1.304,0,0.162,0.2,0.000364,0.31,0.401,138.025,4
spotify:track:65VvDsgTg9REa8zgFpn1kX,"sister's noise","infinite synthesis 2","fripSide",2014,262600,0,false,1rm8a4ytboch21x75yu5jotkz,2025-04-02T17:31:55Z,"anime,j-pop","NBCUniversal Entertainment",0.576,0.998,5,-2.556,0,0.223,0.0447,0.283,0.34,0.371,143.99,4
spotify:track:5WZ3xStbgNncYN4qV4AGJW,"eternal reality","infinite synthesis 2","fripSide",2014,232946,0,false,1rm8a4ytboch21x75yu5jotkz,2025-04-02T17:31:55Z,"anime,j-pop","NBCUniversal Entertainment",0.612,0.999,6,-2.237,1,0.334,0.388,0.0181,0.288,0.182,144.936,4
spotify:track:301k9o5Q4P0XTXqfTz5OWy,"絶体絶命","絶体絶命 / Lamp","Cö shu Nie",2019-03-13,149200,31,false,1rm8a4ytboch21x75yu5jotkz,2025-04-02T17:37:10Z,"anime,j-rock,j-pop","Sony Music Labels Inc.",0.305,0.937,3,-4.547,0,0.168,0.0484,0.00000147,0.0388,0.501,142.733,4
spotify:track:19WVxoewR02crE8ogogLUm,"Lamp","絶体絶命 / Lamp","Cö shu Nie",2019-03-13,174986,25,false,1rm8a4ytboch21x75yu5jotkz,2025-04-02T17:37:10Z,"anime,j-rock,j-pop","Sony Music Labels Inc.",0.302,0.934,9,-4.104,1,0.0716,0.192,0,0.102,0.532,179.991,4
spotify:track:0LL0hFBywgFHO89WSp00xW,"魔法","魔法","Myuk",2021-02-05,231955,42,false,1rm8a4ytboch21x75yu5jotkz,2025-04-02T17:37:10Z,"anime,j-pop","Sony Music Labels Inc.",0.609,0.634,1,-5.669,1,0.0297,0.134,0,0.0878,0.449,88.004,4
spotify:track:4cXlM7IelyGNnaOiROPZqn,"アイデンティティ","アイデンティティ","Kiro Akiyama",2021-01-27,269813,45,false,1rm8a4ytboch21x75yu5jotkz,2025-04-02T17:37:10Z,"j-pop,anime,j-rock","Sony Music Labels Inc.",0.264,0.889,8,-3.494,1,0.0589,0.0000098,0.0396,0.0857,0.492,118.977,4
spotify:track:29iD2DMbbCXxMQmvDqM8xK,"Torikago (From DARLING in the FRANXX)","Torikago (From DARLING in the FRANXX)","Akano",2021-03-09,105000,42,false,1rm8a4ytboch21x75yu5jotkz,2025-04-02T17:38:03Z,"anime","Akano",0.601,0.917,1,-5.838,0,0.0565,0.0617,0,0.336,0.335,77.513,4
spotify:track:7m2EQeJH7UQhk1NPZek0xH,"Escape (From Darling in the FranXX) [Orchestral]","Escape (From Darling in the FranXX) [Orchestral]","A V I A N D",2019-04-04,88264,0,false,1rm8a4ytboch21x75yu5jotkz,2025-04-02T17:38:03Z,"anime","A V I A N D",0.438,0.684,7,-7.526,0,0.0293,0.126,0.953,0.143,0.484,102.822,3
spotify:track:0PlUJsLih9xd4ffTLLs1Kt,"Vanquish (From Darling in the Franxx) [feat. Pandora Journey]","Vanquish (From Darling in the Franxx) [feat. Pandora Journey]","David Eman,Pandora Journey",2019-10-31,163082,35,false,1rm8a4ytboch21x75yu5jotkz,2025-04-02T17:38:03Z,"","1550319 Records DK",0.501,0.447,5,-11.289,0,0.0321,0.0692,0.266,0.0964,0.0345,130.989,4
spotify:track:4KQTgmkSEBzsGS3qL1aX7G,"それは小さな光のような","Sorewa Chiisana Hikarinoyouna","Sayuri",2016-03-18,272916,32,false,1rm8a4ytboch21x75yu5jotkz,2025-04-02T17:39:38Z,"anime,j-pop,j-rock","Sony Music Labels Inc.",0.492,0.959,7,0.698,0,0.0535,0.109,0,0.0796,0.349,143.966,3
spotify:track:28MKy2umF5roXSqmUQ9eB7,"Re:Re:","Sol-fa","ASIAN KUNG-FU GENERATION",2004-10-20,228760,0,false,1rm8a4ytboch21x75yu5jotkz,2025-04-02T17:39:38Z,"j-rock,anime,j-pop","Ki/oon Music Inc.",0.541,0.853,4,-5.081,1,0.0357,0.00032,0.144,0.107,0.787,152.913,4
spotify:track:3A4FRzgve9BjfKbvVXRIFO,"Sparkle - movie ver.","Your Name.","RADWIMPS",2016-08-24,537653,67,false,1rm8a4ytboch21x75yu5jotkz,2025-04-02T17:41:40Z,"anime,j-pop,j-rock","EMI Records",0.372,0.426,11,-8.421,1,0.0339,0.687,0.00784,0.109,0.287,123.993,4
spotify:track:4YaG26NTiWF9tOwYAfYjZ8,"Hokou","Hokou","Bisco & Milo (CV:Ryota Suzuki & Natsuki Hanae)",2022-01-18,276333,24,false,1rm8a4ytboch21x75yu5jotkz,2025-04-02T17:42:39Z,"anime","FlyingDog",0.547,0.824,11,-5.227,0,0.0483,0.0402,0,0.336,0.674,128.034,4
spotify:track:7m7uFwvYtrtHZb2Qw6nT2u,"ハルカミライ","#HAL","KANKAKU PIERO",2017-11-22,176200,1,false,1rm8a4ytboch21x75yu5jotkz,2025-04-02T17:43:45Z,"anime,j-rock","JIJI INC.",0.333,0.98,1,-2.904,0,0.172,0.00381,0,0.175,0.408,181.859,4
spotify:track:3D9yweVjHsSyfINp2Kbyx8,"ガムシャラ","ガムシャラ","みゆな",2018-10-02,197881,57,false,1rm8a4ytboch21x75yu5jotkz,2025-04-02T17:43:45Z,"anime,j-pop,j-rock","Rhythm REPUBLIC",0.386,0.832,10,-4.484,0,0.0606,0.000402,0.0114,0.058,0.605,185.087,4
spotify:track:7lP713bUiokrSjRcztjzgp,"落書きペイジ","落書きペイジ","KANKAKU PIERO",2019-02-04,205610,0,false,1rm8a4ytboch21x75yu5jotkz,2025-04-02T17:43:45Z,"anime,j-rock","JIJI INC.",0.222,0.98,1,-0.627,1,0.167,0.0047,0.0706,0.228,0.268,184.112,4
spotify:track:1AZKHiqBKfdBxVcWUnJJUj,"sky & blue","sky & blue","GIRLFRIEND",2019-08-28,238128,47,false,1rm8a4ytboch21x75yu5jotkz,2025-04-02T17:43:45Z,"anime,j-rock","avex trax",0.532,0.938,1,-2.713,1,0.0636,0.031,0,0.187,0.802,157.032,4
spotify:track:4v1AlpWyUrz8tBdxbV3VeI,"Stories (Black Clover)","Stories (Black Clover)","Nordex",2020-04-08,103039,0,false,1rm8a4ytboch21x75yu5jotkz,2025-04-02T17:43:45Z,"anime","Arcadia Studio",0.44,0.668,11,-7.084,0,0.0482,0.00512,0,0.11,0.355,176.825,4
spotify:track:3zLCX1TGMpsA67cW2pq6ut,"永遠に光れ (Everlasting Shine)","DRAMA","TOMORROW X TOGETHER",2020-08-18,191146,57,false,1rm8a4ytboch21x75yu5jotkz,2025-04-02T17:43:45Z,"k-pop","Universal Music LLC",0.527,0.891,7,-1.511,0,0.0724,0.119,0,0.208,0.39,127.097,4
spotify:track:522GUu8a8oPPIDFoONcnEk,"Grandeur (Black Clover)","Grandeur (Black Clover)","Studio Yuraki",2021-01-22,203906,50,false,1rm8a4ytboch21x75yu5jotkz,2025-04-02T17:43:45Z,"anime","Studio Yuraki",0.619,0.989,5,-2.141,0,0.153,0.0272,0,0.198,0.628,128.001,4
spotify:track:6qpGlLv9MHaChP5hEx6Pni,"MEMORIA","BLAU","Eir Aoi",2013-01-30,288173,46,false,1rm8a4ytboch21x75yu5jotkz,2025-04-02T17:44:24Z,"anime,j-pop,j-rock","Sony Music Labels Inc.",0.515,0.83,10,-3.184,1,0.0363,0.233,0,0.343,0.435,128.005,4
spotify:track:1y2SaF15ShbovUZMuT4BrN,"空は高く風は歌う","Oversky","Luna Haruna",2013-08-21,270720,0,false,1rm8a4ytboch21x75yu5jotkz,2025-04-02T17:44:24Z,"anime,j-pop","Sony Music Labels Inc.",0.512,0.588,0,-4.821,0,0.0245,0.416,0,0.325,0.478,95.982,4
spotify:track:3lodN8CY4ZQIIvlQDEB0Lu,"Bring Back","Bring Back / RISE / FAITH","MADKID",2022-04-07,209946,42,false,1rm8a4ytboch21x75yu5jotkz,2025-04-02T17:48:01Z,"anime,j-rock,j-pop","Nippon Columbia Co., Ltd./NIPPONOPHONE",0.588,0.915,1,-4.187,1,0.121,0.000523,0,0.352,0.514,97.006,4
spotify:track:2gw3kw9PxjpeUAVRRgRLsh,"FAITH","CIRCUS","MADKID",2019-04-24,203160,49,false,1rm8a4ytboch21x75yu5jotkz,2025-04-02T17:48:01Z,"anime,j-rock,j-pop","Nippon Columbia Co., Ltd. / NIPPONOPHONE",0.53,0.957,5,-3.518,0,0.17,0.0013,0,0.274,0.655,157.035,4
spotify:track:0qniD6tjpPcGN9imRrBWLg,"RISE","CIRCUS","MADKID",2019-04-24,209226,54,false,1rm8a4ytboch21x75yu5jotkz,2025-04-02T17:48:01Z,"anime,j-rock,j-pop","Nippon Columbia Co., Ltd. / NIPPONOPHONE",0.472,0.929,7,-3.162,1,0.156,0.0197,0,0.345,0.481,165.104,4
spotify:track:2oYIgqmZwuQjXTmbMolw9v,"Atashiga Tonarini Iru Uchini","Laika (Special Edition)","Chiai Fujikawa",2019-05-05,355466,32,false,1rm8a4ytboch21x75yu5jotkz,2025-04-02T17:48:01Z,"anime,j-pop,j-rock","Nippon Columbia Co., Ltd./NIPPONOPHONE",0.47,0.737,9,-3.01,1,0.0326,0.0212,0,0.282,0.32,90.929,4
spotify:track:5BbCTsFpRotDXwfdvnw6DI,"きみの名前","ライカ (Special Edition)","Chiai Fujikawa",2019-05-05,301000,47,false,1rm8a4ytboch21x75yu5jotkz,2025-04-02T17:48:01Z,"anime,j-pop,j-rock","Nippon Columbia Co., Ltd. / NIPPONOPHONE",0.613,0.563,6,-3.621,1,0.0257,0.26,0,0.124,0.281,81.072,4
spotify:track:6ilTR3RpLCAHDt3Z6YuQGx,"シンデレラ","シンデレラ","Cidergirl",2021-10-08,212310,53,false,1rm8a4ytboch21x75yu5jotkz,2025-04-02T17:49:00Z,"anime,j-pop,j-rock,japanese indie","Universal Music LLC",0.572,0.955,7,-2.617,1,0.0626,0.0141,0,0.315,0.717,129.981,4
spotify:track:4WtqjjSiGYHORMr6VX3td1,"Hikare Inochi","Hikare Inochi","Kitri",2021-11-17,322146,33,false,1rm8a4ytboch21x75yu5jotkz,2025-04-02T17:49:08Z,"anime","Nippon Columbia Co., Ltd./NIPPONOPHONE",0.592,0.769,2,-5.268,1,0.0311,0.319,0.00000466,0.137,0.385,102.033,4
spotify:track:7ItVcZD840Q8ehx3z03iwW,"ラブ・ドラマティック","Love Dramatic","Masayuki Suzuki,Rikka Ihara",2020-02-27,261306,0,false,1rm8a4ytboch21x75yu5jotkz,2025-04-02T17:50:30Z,"anime,j-pop,kayokyoku,city pop","Sony Music Labels Inc.",0.71,0.798,9,-5.309,1,0.0343,0.364,0,0.297,0.789,129.039,4
spotify:track:7tdBXBfqfXSWpMaMA8QaES,"DADDY ! DADDY ! DO !","All Time Rock 'n' Roll","Masayuki Suzuki,鈴木愛理",2020-04-15,254640,0,false,1rm8a4ytboch21x75yu5jotkz,2025-04-02T17:50:30Z,"anime,j-pop,kayokyoku,city pop","Sony Music Labels Inc.",0.684,0.815,8,-3.826,0,0.0496,0.322,0,0.12,0.819,138.101,4
spotify:track:5RtsmtLsEnwa96TEf56tJQ,"GIRI GIRI","GIRI GIRI","Masayuki Suzuki,すぅ",2022-04-15,258765,49,false,1rm8a4ytboch21x75yu5jotkz,2025-04-02T17:50:30Z,"anime,j-pop,kayokyoku,city pop","Sony Music Labels Inc.",0.78,0.889,11,-4.053,1,0.0351,0.223,0,0.0484,0.961,127.993,4
spotify:track:1wPOJ0SBOqbrs8Zw7wte88,"Love is Show","Love is Show","Masayuki Suzuki,高城れに",2022-12-16,242027,41,false,1rm8a4ytboch21x75yu5jotkz,2025-04-02T17:50:30Z,"anime,j-pop,kayokyoku,city pop,c-pop","Sony Music Labels Inc.",0.697,0.836,1,-6.063,0,0.0428,0.233,0,0.336,0.852,141.01,5
spotify:track:48gbPVwayrBnpyrjaQxP2q,"センチメンタルクライシス","Sentimental Crisis","halca",2019-02-20,242573,0,false,1rm8a4ytboch21x75yu5jotkz,2025-04-02T17:50:30Z,"anime,j-pop","Sony Music Labels Inc.",0.439,0.899,7,-2.772,1,0.0717,0.0184,0.00321,0.131,0.622,167.03,4
spotify:track:31E8YKD0j4cI1R0gfocCtb,"チカっとチカ千花っ","KAGUYA ULTRA BEST","藤原千花(CV:小原好美)",2022-04-27,178586,48,false,1rm8a4ytboch21x75yu5jotkz,2025-04-02T17:50:30Z,"anime","Aniplex Inc.",0.742,0.88,7,-4.28,1,0.299,0.166,0.00000603,0.116,0.393,178.014,4
spotify:track:7JKJ7p6vz8ZMDdzzd3mww2,"ハートはお手上げ","ハートはお手上げ","鈴木愛理",2022-04-22,227027,41,false,1rm8a4ytboch21x75yu5jotkz,2025-04-02T17:50:30Z,"anime,j-pop","Sony Music Labels Inc.",0.647,0.939,5,-2.658,1,0.0953,0.224,0.0000837,0.169,0.689,156.982,4
spotify:track:2lD8rPegYoYC1WucU3vU1W,"ないない","ないない (Special Edition)","ReoNa",2021-05-12,254093,40,false,1rm8a4ytboch21x75yu5jotkz,2025-04-02T17:51:07Z,"anime,j-pop,j-rock","Sony Music Labels Inc.",0.626,0.758,5,-4.643,0,0.0436,0.0152,0,0.14,0.821,130.047,4
spotify:track:0rBTz8QXqqKSoNGvv1kVf4,"シャル・ウィ・ダンス？","シャル・ウィ・ダンス？(Special Edition)","ReoNa",2022-07-27,271493,30,false,1rm8a4ytboch21x75yu5jotkz,2025-04-02T17:51:25Z,"anime,j-pop,j-rock","Sony Music Labels Inc.",0.608,0.829,5,-5.13,0,0.0472,0.0464,0,0.0596,0.681,116.992,4
spotify:track:2NZ0LH20J4E7XiHdTMPsm5,"Masquerade","Masquerade","ClariS",2022-07-16,237730,32,false,1rm8a4ytboch21x75yu5jotkz,2025-04-02T17:51:25Z,"anime,j-pop","Sony Music Labels Inc.",0.37,0.807,0,-4.241,0,0.0427,0.399,0.0000803,0.132,0.385,159.794,3
spotify:track:6qg86i2yfgPhmMdhz8K32c,"a hollow shadow","シャドーハウス Original Soundtrack","Kenichiro Suehiro",2021-06-23,135853,33,false,1rm8a4ytboch21x75yu5jotkz,2025-04-02T17:51:25Z,"anime,soundtrack","Aniplex Inc.",0.221,0.78,2,-4.5,0,0.0609,0.185,0.0833,0.102,0.417,172.423,4
spotify:track:4bBn7HCdg8psZmGomE5jap,"Paper Bouquet","Paper Bouquet","Mili",2022-04-02,208559,47,false,1rm8a4ytboch21x75yu5jotkz,2025-04-02T17:51:53Z,"anime","Saihate Records",0.563,0.867,0,-7.422,0,0.0356,0.0114,0.0737,0.21,0.665,106.034,4
spotify:track:4ArweSrn1ZczGwYQnokKCk,"灯火セレナード","灯火セレナード","ChouCho",2022-04-09,228532,17,false,1rm8a4ytboch21x75yu5jotkz,2025-04-02T17:51:53Z,"anime,j-pop","Lantis",0.445,0.875,6,-2.266,0,0.0393,0.0258,0,0.143,0.573,92.016,4
spotify:track:4K9Swad8bRyKGsNELc3vfp,"Sincerely","Sincerely","TRUE",2018-01-31,275080,44,false,1rm8a4ytboch21x75yu5jotkz,2025-04-02T17:54:30Z,"anime,j-pop","Lantis",0.417,0.846,2,-3.377,1,0.0594,0.0311,0,0.233,0.466,143.994,4
spotify:track:5KpUgOcUVkO1nA8H50pf9q,"みちしるべ","みちしるべ","茅原実里",2018-01-31,287706,46,false,1rm8a4ytboch21x75yu5jotkz,2025-04-02T17:56:01Z,"anime,j-pop","Lantis",0.289,0.422,9,-5.88,1,0.0337,0.171,0,0.0862,0.212,173.795,4
spotify:track:4o8ZA7sEHawMmnBtW34B8W,"巣立ちの歌","巣立ちの歌","アネモネリア",2021-01-26,195573,34,false,1rm8a4ytboch21x75yu5jotkz,2025-04-02T17:57:29Z,"anime","Sony Music Labels Inc.",0.503,0.467,3,-5.792,1,0.0275,0.211,0.000251,0.0881,0.284,96.018,4
spotify:track:0U3JBftbH2K1rzaMM2fav3,"Life is サイダー","Life is サイダー","アネモネリア",2021-01-26,242827,30,false,1rm8a4ytboch21x75yu5jotkz,2025-04-02T17:57:29Z,"anime","Sony Music Labels Inc.",0.746,0.899,1,-2.956,1,0.0436,0.0637,0.00423,0.322,0.735,105,4
spotify:track:2oDJLYJhQMZNX99FtaXFHQ,"グロウアップ(オリジナル歌手:Hysteric Blue)[ガイドメロディ無しカラオケ]","グロウアップ(オリジナル歌手:Hysteric Blue)[ガイドメロディ無しカラオケ]","歌っちゃ王",2020-11-17,213786,12,false,1rm8a4ytboch21x75yu5jotkz,2025-04-02T17:58:59Z,"visual kei","歌っちゃ王",0.427,0.866,7,-10.238,1,0.0277,0.00217,0.888,0.35,0.751,162.952,4
spotify:track:2OvfUwEd9alJnJ9aziiucw,"Sexy Sexy","Sexy Sexy","CASCADE",2000-11-16,243986,39,false,1rm8a4ytboch21x75yu5jotkz,2025-04-02T17:58:59Z,"visual kei,j-rock,anime","Universal Music LLC",0.649,0.951,1,-5.525,0,0.0654,0.0115,0.0119,0.0587,0.671,131.154,4
spotify:track:43vkJIKACSolK6cbPJknEL,"マイナーピース","マイナーピース","ZAQ",2024-01-04,189200,52,false,1rm8a4ytboch21x75yu5jotkz,2025-04-02T17:59:40Z,"anime,j-pop,j-rock","Lantis",0.539,0.941,0,-3.798,1,0.102,0.00293,0,0.339,0.799,145.936,4
spotify:track:5cDdNqff2mAutAWAM2Zs2c,"今世大革命","今世大革命","ニノミヤユイ",2024-01-04,199800,43,false,1rm8a4ytboch21x75yu5jotkz,2025-04-02T17:59:40Z,"anime","Lantis",0.569,0.972,8,-3.613,1,0.0856,0.103,0.0000323,0.351,0.677,160.016,4
spotify:track:4wi6FAWdvAzyPWN40U9EzM,"CLATTANOIA","OPENING THEME FROM ”OVERLORD” CLATTANOIA","OxT",2015-08-26,237880,46,false,1rm8a4ytboch21x75yu5jotkz,2025-04-02T17:59:54Z,"anime,j-rock","KADOKAWA",0.378,0.958,7,-2.651,0,0.0883,0.0111,0,0.306,0.559,94.835,4
spotify:track:77tRs6Jx8grzUdJYwEbvdy,"L.L.L.","eYe's","MYTH & ROID",2017-04-26,216186,0,false,1rm8a4ytboch21x75yu5jotkz,2025-04-02T17:59:54Z,"anime,j-rock,j-pop","メディアファクトリー",0.556,0.902,4,-3.603,0,0.11,0.0231,0.00000143,0.403,0.701,104.132,4
spotify:track:3ZVBALARFQXHBAxYHP5cCw,"HYDRA","MYTH & ROID ベストアルバム「MUSEUM-THE BEST OF MYTH & ROID-」","MYTH & ROID",2020-03-04,293394,44,false,1rm8a4ytboch21x75yu5jotkz,2025-04-02T17:59:54Z,"anime,j-rock,j-pop","KADOKAWA",0.316,0.786,1,-5.461,0,0.0608,0.15,0.00000102,0.116,0.241,166.326,4
spotify:track:5PSPmnGfEEE2lMywDvJKsh,"Silent Solitude","TVアニメ「オーバーロードⅢ」エンディングテーマ「Silent Solitude」","OxT",2018-08-08,212413,46,false,1rm8a4ytboch21x75yu5jotkz,2025-04-02T17:59:54Z,"anime,j-rock","KADOKAWA",0.543,0.883,3,-5.411,0,0.0752,0.184,0,0.437,0.447,110.021,4
spotify:track:355nQhlJ37CswXP54GZAz9,"HOLLOW HUNGER","OPEING THEME FROM TV SERIES ”OVERLORD IV”","OxT",2022-07-27,223141,57,false,1rm8a4ytboch21x75yu5jotkz,2025-04-02T17:59:54Z,"anime,j-rock","KADOKAWA",0.567,0.897,8,-4.363,0,0.235,0.0699,0,0.297,0.709,159.885,4
spotify:track:0jD9vgDvsn9rkDmZpu06PT,"Knew day","「灰と幻想のグリムガル」オープニング・テーマ「Knew day」","(K)NoW_NAME",2016-02-17,234240,23,false,1rm8a4ytboch21x75yu5jotkz,2025-04-02T18:00:41Z,"anime","TOHO animation RECORDS",0.474,0.972,0,-3.491,0,0.0631,0.00489,0,0.212,0.622,150.104,4
spotify:track:6KOi28b98YkZNMgFkb4QO3,"Harvest","TVアニメ「灰と幻想のグリムガル」 CD-BOX『Grimgar Ashes and Illusions ”BEST”』","(K)NoW_NAME",2016-05-18,283240,33,false,1rm8a4ytboch21x75yu5jotkz,2025-04-02T18:00:41Z,"anime","TOHO animation RECORDS",0.327,0.414,3,-7.261,1,0.0304,0.00209,0.00000676,0.275,0.323,152.022,4
spotify:track:5Hu1N7iBqMt9ig24RWsbkg,"Cultivate","TVアニメ「灰と幻想のグリムガル」 CD-BOX『Grimgar Ashes and Illusions ”BEST”』","(K)NoW_NAME",2016-05-18,310000,19,false,1rm8a4ytboch21x75yu5jotkz,2025-04-02T18:00:41Z,"anime","TOHO animation RECORDS",0.518,0.68,9,-5.493,1,0.0303,0.000911,0.00000316,0.342,0.411,107.962,4
spotify:track:4cHqWNDNrgCu6PbUZcgUxP,"99.9","99.9","MOB CHOIR,sajou no hana",2019-03-06,188706,57,false,1rm8a4ytboch21x75yu5jotkz,2025-04-02T18:03:25Z,"anime,j-rock,j-pop","ワーナー ブラザース ジャパン",0.489,0.94,10,-2.632,0,0.209,0.00415,0.000201,0.15,0.681,167.99,4
spotify:track:5BWUhb5fg3yXJLddvjwXDo,"99","99","MOB CHOIR",2016-08-31,237386,60,false,1rm8a4ytboch21x75yu5jotkz,2025-04-02T18:03:25Z,"anime","ワーナー・ホーム・ビデオ",0.516,0.922,6,-3.551,0,0.163,0.00439,0,0.308,0.445,94.964,4
spotify:track:69Xcy8i2S0DUjzE6ry2Nb6,"いきるひとびと","99.9","MOB CHOIR,sajou no hana",2019-03-06,187546,23,false,1rm8a4ytboch21x75yu5jotkz,2025-04-02T18:03:25Z,"anime,j-rock,j-pop","ワーナー ブラザース ジャパン",0.616,0.845,8,-3.875,1,0.0475,0.253,0,0.0377,0.916,134.981,4
spotify:track:1YwQ8gECJS7ogrCBWrZt3G,"Refrain Boy","Refrain Boy","ALL OFF",2016-08-31,211000,45,false,1rm8a4ytboch21x75yu5jotkz,2025-04-02T18:03:25Z,"anime,j-rock","ワーナー・ホーム・ビデオ",0.473,0.869,1,-6.902,1,0.0384,0.000012,0.000061,0.107,0.862,95.048,4
spotify:track:23R8fLFfyxhpPg64osstsu,"グレイ","メモセピア/グレイ","sajou no hana",2019-03-06,223426,31,false,1rm8a4ytboch21x75yu5jotkz,2025-04-02T18:03:25Z,"anime,j-rock,j-pop","ワーナー ブラザース ジャパン",0.625,0.68,5,-5.527,0,0.0287,0.00353,0,0.0863,0.668,95.986,4
spotify:track:7D3Y7c8WwS7LzaXST0Wgpt,"目蓋の裏","メモセピア/グレイ","sajou no hana",2019-03-06,199933,20,false,1rm8a4ytboch21x75yu5jotkz,2025-04-02T18:03:25Z,"anime,j-rock,j-pop","ワーナー ブラザース ジャパン",0.671,0.705,2,-4.205,1,0.0518,0.109,0,0.123,0.597,116.942,4
spotify:track:2BM2k7oEGcGoD4yBeRworb,"メモセピア","メモセピア/グレイ","sajou no hana",2019-03-06,235146,27,false,1rm8a4ytboch21x75yu5jotkz,2025-04-02T18:03:25Z,"anime,j-rock,j-pop","ワーナー ブラザース ジャパン",0.567,0.954,8,-3.048,1,0.0799,0.0486,0,0.143,0.727,106.32,4
spotify:track:2MmgGuQzr0kkiA04lMdPXW,"トウキョウ・シャンディ・ランデヴ","トウキョウ・シャンディ・ランデヴ","MAISONdes,花譜,ツミキ",2022-10-21,184766,56,false,1rm8a4ytboch21x75yu5jotkz,2025-04-02T18:04:21Z,"j-pop,anime,vocaloid","Sony Music Labels Inc.",0.734,0.973,6,-1.789,0,0.0754,0.0435,0.000548,0.0718,0.91,137.024,4
spotify:track:3RFL9hE5cBocBsjD5XLJLQ,"Mixed Nuts","Mixed Nuts","OFFICIAL HIGE DANDISM",2022-04-15,213438,58,false,1rm8a4ytboch21x75yu5jotkz,2025-04-02T18:04:43Z,"j-pop,anime,j-rock","IRORI Records",0.542,0.918,6,-5.074,1,0.0937,0.0101,0,0.259,0.784,150.094,4
spotify:track:5SuOikwiRyPMVoIQDJUgSV,"Comedy","Comedy","Gen Hoshino",2022-04-08,230666,63,false,1rm8a4ytboch21x75yu5jotkz,2025-04-02T18:04:43Z,"j-pop,anime","Speedstar",0.676,0.461,1,-6.746,0,0.143,0.0322,0.00000101,0.358,0.715,87.917,4
spotify:track:7qOsSOpiL3R8RKyiBtIYNQ,"SOUVENIR","SOUVENIR","BUMP OF CHICKEN",2022-09-29,264126,60,false,1rm8a4ytboch21x75yu5jotkz,2025-04-02T18:04:43Z,"j-pop,j-rock,anime","Toy's Factory",0.622,0.94,2,-4.997,1,0.0413,0.0094,0.00000648,0.0957,0.96,158.056,4
spotify:track:1uveEvgKX4irLcp1BUTIFD,"色彩","色彩","yama",2022-10-02,192175,59,false,1rm8a4ytboch21x75yu5jotkz,2025-04-02T18:04:43Z,"j-pop,anime,j-rock","Sony Music Labels Inc.",0.581,0.926,7,-3.268,0,0.0662,0.176,0,0.251,0.874,117.04,4
spotify:track:61Go3FTDYWfYCIOocJebUm,"Kura Kura","Kura Kura","Ado",2023-10-04,191105,56,false,1rm8a4ytboch21x75yu5jotkz,2025-04-02T18:04:43Z,"j-pop,anime,vocaloid,j-rock","Universal Music LLC",0.54,0.958,5,-4.26,1,0.0951,0.0492,0,0.308,0.652,93.852,4
spotify:track:7AObB1OaxymMYQ2pTmFV0f,"Todome no ichigeki (feat. Cory Wong)","Todome no ichigeki (feat. Cory Wong)","Vaundy,Cory Wong",2023-10-08,310160,38,false,1rm8a4ytboch21x75yu5jotkz,2025-04-02T18:04:43Z,"j-pop,japanese indie,j-rock,jazz funk,jazz fusion","SDR Inc.",0.577,0.946,1,-3.887,1,0.0498,0.157,0,0.291,0.87,100.011,4
spotify:track:2zl3v1u55bL64dgPZBEKL6,"雷火","雷火/魔法","NANAOAKARI",2021-08-11,229226,19,false,1rm8a4ytboch21x75yu5jotkz,2025-04-02T18:06:43Z,"vocaloid,j-pop,anime","Sony Music Labels Inc.",0.601,0.903,6,-2.9,1,0.209,0.103,0.00277,0.0494,0.365,90.977,4
spotify:track:1O4JEMG1V06Lmkw8JQMY52,"ロスタイム - Losstime","アンサンブル・プレイ","Creepy Nuts",2022-09-07,219506,58,false,1rm8a4ytboch21x75yu5jotkz,2025-04-10T22:57:27Z,"anime,j-pop,j-rap","Sony Music Labels Inc.",0.783,0.786,9,-7.044,1,0.0528,0.12,0.0000128,0.13,0.678,91.98,4
spotify:track:1GBl9PT3AV0qph1dEtGnzp,"Without Love","Without Love","LMYK",2023-02-07,247104,43,false,1rm8a4ytboch21x75yu5jotkz,2025-05-01T16:14:38Z,"anime","Sony Music Labels Inc.",0.352,0.369,1,-9.583,1,0.0373,0.639,0,0.109,0.223,79.897,4
spotify:track:6A7sTvj68RJAVgTduJEQnA,"Paradox","Paradox","Survive Said The Prophet",2023-04-04,241153,56,false,1rm8a4ytboch21x75yu5jotkz,2025-05-01T16:14:38Z,"anime,j-rock","Sony Music Labels Inc.",0.282,0.97,11,-4.511,0,0.0891,0.00989,0,0.447,0.135,98.887,4
spotify:track:2Fw5u0XQ18akFhJCQOcNCe,"Ember","Ember","haju:harmonics",2023-04-18,252306,40,false,1rm8a4ytboch21x75yu5jotkz,2025-05-01T16:14:38Z,"anime","Sony Music Labels Inc.",0.478,0.686,6,-4.298,0,0.0397,0.241,0.0000492,0.1,0.197,85.878,4
spotify:track:4paWxnLApJi5JIMlJg9UAX,"around the world - Dave Rodgers Remix","SUPER EUROBEAT presents INITIAL D 〜D SELECTION〜","m.o.v.e",1998-07-29,274666,47,false,1rm8a4ytboch21x75yu5jotkz,2025-05-01T16:16:26Z,"anime","avex trax",0.624,0.938,0,-4.099,1,0.035,0.0396,0,0.338,0.656,138.071,4
spotify:track:152unnv8fuahIUyVnHJutJ,"KILLING MY LOVE","SUPER EUROBEAT presents INITIAL D 〜D SELECTION 2〜","Leslie Parrish",1998-10-28,294466,57,false,1rm8a4ytboch21x75yu5jotkz,2025-05-01T16:16:44Z,"","avex trax",0.595,0.887,1,-7.265,1,0.051,0.00538,0.0000115,0.0887,0.725,156.191,4
spotify:track:70p3HYq9iHZisJqpDmWd1U,"Guren no Yumiya","Shingeki no Kiseki","Linked Horizon",2017-05-17,310680,65,false,1rm8a4ytboch21x75yu5jotkz,2025-05-01T16:17:23Z,"anime,j-pop","PONY CANYON INC.",0.455,0.952,1,-6.382,0,0.0787,0.0232,0.0000565,0.0662,0.332,90.365,4
spotify:track:188vCXc4bAejLqGhpEVBGT,"Jiyuu no Tsubasa","Shingeki no Kiseki","Linked Horizon",2017-05-17,331946,61,false,1rm8a4ytboch21x75yu5jotkz,2025-05-01T16:17:23Z,"anime,j-pop","PONY CANYON INC.",0.373,0.972,7,-6.005,1,0.123,0.0619,0.0000331,0.379,0.0759,157.433,4
spotify:track:5uraJqtCBvLpwt3VeomZdq,"Shinzo wo Sasageyo !","Shingeki no Kiseki","Linked Horizon",2017-05-17,341413,68,false,1rm8a4ytboch21x75yu5jotkz,2025-05-01T16:17:23Z,"anime,j-pop","PONY CANYON INC.",0.44,0.983,0,-4.36,1,0.0868,0.22,0,0.26,0.203,159.968,4
spotify:track:0zvN9oq95bIEQjvfcdeZlX,"Red Swan","Red Swan","YOSHIKI,HYDE",2018-10-03,263720,65,false,1rm8a4ytboch21x75yu5jotkz,2025-05-01T16:17:23Z,"anime,j-rock,visual kei","PONY CANYON INC.",0.275,0.782,10,-4.689,1,0.0467,0.0521,0.00000225,0.331,0.154,131.744,4
spotify:track:7lcTpZtdTyfiIgVIpmTVut,"Shoukei to Shikabane no Michi","Shinjitsu eno Shingeki","Linked Horizon",2019-07-03,276176,55,false,1rm8a4ytboch21x75yu5jotkz,2025-05-01T16:17:23Z,"anime,j-pop","PONY CANYON INC.",0.357,0.965,8,-4.323,1,0.294,0.166,0,0.396,0.164,177.91,4
spotify:track:5B9gDlmcZZZamZ53hUeMlf,"UNDER THE TREE - Full Length Ver.","PLAYDEAD","SiM",2023-09-27,271265,0,false,1rm8a4ytboch21x75yu5jotkz,2025-05-01T16:17:23Z,"anime,j-rock","UNFD",0.293,0.935,11,-1.304,0,0.0996,0.00038,0.00000388,0.133,0.496,159.983,4
spotify:track:1iwxWteWfmWb1LekPweXnY,"Saigo no Kyojin","Saigo no Kyojin","Linked Horizon",2023-11-06,240740,53,false,1rm8a4ytboch21x75yu5jotkz,2025-05-01T16:17:23Z,"anime,j-pop","PONY CANYON INC.",0.469,0.911,11,-9.217,0,0.0801,0.0347,0,0.333,0.383,155.496,4
spotify:track:3hdbzikxtK3sY5MT5wAAan,"Utsukushiki Zankokuna Sekai (From Attack on Titan)","Couleur","Yoko Hikasa",2014-09-03,293706,50,false,1rm8a4ytboch21x75yu5jotkz,2025-05-01T16:17:23Z,"anime","PONY CANYON INC.",0.403,0.759,2,-4.15,0,0.0488,0.374,0.0000912,0.125,0.195,169.943,4
spotify:track:0AoihXguzdLjY6RqvImB3I,"Great Escape","Great Escape","cinema staff",2017-11-01,207466,49,false,1rm8a4ytboch21x75yu5jotkz,2025-05-01T16:17:23Z,"anime,j-rock","PONY CANYON INC.",0.312,0.938,2,-2.661,1,0.0928,0.000403,0,0.274,0.508,183.918,4
spotify:local:Attack+on+Titan:Yugure+no+Tori+-+Single:Yugure+no+Tori:297,"Yugure no Tori","Yugure no Tori - Single","Attack on Titan",,297000,0,false,1rm8a4ytboch21x75yu5jotkz,2025-05-01T16:17:23Z,"","undefined",,,,,,,,,,,,
spotify:track:2vH8JFJKfkAgZs1GFlOzGh,"Akatsuki no Requiem","Rakuen Eno Shingeki","Linked Horizon",2018-10-03,240573,56,false,1rm8a4ytboch21x75yu5jotkz,2025-05-01T16:17:23Z,"anime,j-pop","PONY CANYON INC.",0.498,0.82,2,-6.288,0,0.0439,0.401,0.00000454,0.373,0.299,136.901,3
spotify:track:1y9QiBBJynizfLbYjHM2Sg,"Name of Love","Name of Love","cinema staff",2019-05-29,266680,50,false,1rm8a4ytboch21x75yu5jotkz,2025-05-01T16:17:23Z,"anime,j-rock","PONY CANYON INC.",0.445,0.73,9,-3.979,1,0.0371,0.0166,0,0.15,0.168,147.991,4
spotify:track:6hfkQdov7M8th5y7hjVcwB,"Itterasshai","Itterasshai","Ai Higuchi",2023-11-05,235433,45,false,1rm8a4ytboch21x75yu5jotkz,2025-05-01T16:17:23Z,"anime,j-pop","PONY CANYON INC.",0.587,0.385,10,-8.589,1,0.0377,0.29,0,0.108,0.185,74.907,4
spotify:track:4KYO2hnz2vWH0JHJuWypAf,"Nisennen... Moshiku wa... Nimannen Go no Kimi e","Nisennen... Moshiku wa... Nimannen Go no Kimi e","Linked Horizon",2023-11-05,284784,52,false,1rm8a4ytboch21x75yu5jotkz,2025-05-01T16:17:23Z,"anime,j-pop","PONY CANYON INC.",0.302,0.616,7,-11.446,0,0.161,0.763,0,0.376,0.389,151.833,4
spotify:track:5sCRDFUpyagl45kAZJDfWj,"ああ人生に涙あり","ああ人生に涙あり","深澄真(CV.花江夏樹)",2021-07-08,198959,11,false,1rm8a4ytboch21x75yu5jotkz,2025-05-01T16:18:08Z,"anime","ミリカ・ミュージック",0.574,0.737,9,-7.5,0,0.0425,0.124,0.000151,0.291,0.682,133.053,4
spotify:track:7buYkoFrCikSV4nxYTK2OH,"ビューティフル・ドリーマー","ビューティフル・ドリーマー","Ezoshika Gourmet Club",2021-07-14,256966,31,false,1rm8a4ytboch21x75yu5jotkz,2025-05-01T16:18:08Z,"anime,japanese indie","GIANT LEAP",0.364,0.892,11,-6.859,1,0.0599,0.0174,0.000198,0.197,0.449,154.994,4
spotify:track:49qyFymC0qs83BqhUwwdQt,"Ah Jinsei ni Namida Ari","Ah Jinsei ni Namida Ari","巴(CV.佐倉綾音),澪(CV:鬼頭明里)",2021-07-29,248189,30,false,1rm8a4ytboch21x75yu5jotkz,2025-05-01T16:18:08Z,"anime","ミリカ・ミュージック",0.343,0.902,2,-7.626,1,0.111,0.0000533,0.000147,0.223,0.234,184.889,4
spotify:track:2dTqP0VXe0G6cbVagyeJ8a,"ユートピア","ユートピア","須田景凪",2024-01-08,175558,41,false,1rm8a4ytboch21x75yu5jotkz,2025-05-01T16:18:08Z,"anime,j-pop,j-rock","A.S.A.B",0.604,0.937,11,-4.041,0,0.138,0.000628,0,0.308,0.786,102.566,4
spotify:track:5CWKezKmBJlclkNnrka4sL,"My Factor","My Factor","Kent Ito",2024-01-15,255054,35,false,1rm8a4ytboch21x75yu5jotkz,2025-05-01T16:18:08Z,"anime","A-Sketch/Astro Voice",0.639,0.839,4,-4.511,0,0.0458,0.0015,0,0.301,0.667,121.968,4
spotify:track:78YZXkFnJuXP2hR5KWPeZy,"Reversal","Reversal","syudou",2024-04-15,203466,45,false,1rm8a4ytboch21x75yu5jotkz,2025-05-01T16:18:08Z,"vocaloid,anime,j-pop","syudou商店",0.462,0.915,6,-2.632,0,0.106,0.00943,0,0.319,0.618,197.008,3
spotify:track:4cUylU8OCq19DcHQVJtE6c,"Unconventional Human","Unconventional Human","Kaori Maeda",2024-04-08,221017,33,false,1rm8a4ytboch21x75yu5jotkz,2025-05-01T16:18:08Z,"anime","DMM music/Astro Voice",0.713,0.871,2,-3.699,0,0.0411,0.0272,0.0000217,0.617,0.653,129.975,4
spotify:track:6y4GYuZszeXNOXuBFsJlos,"Kaikai Kitan","Kaikai Kitan / Ao No Waltz","Eve",2020-12-23,221426,73,false,1rm8a4ytboch21x75yu5jotkz,2025-05-01T16:18:50Z,"anime,j-pop,j-rock,vocaloid,japanese indie","TOY'S FACTORY",0.584,0.911,5,-3.515,0,0.09,0.0119,0,0.119,0.606,92.502,4
spotify:track:4R6yPy83vDEZtwJsBavUfo,"VIVID VICE","VIVID VICE","Who-ya Extended",2021-01-16,185173,57,false,1rm8a4ytboch21x75yu5jotkz,2025-05-01T16:18:50Z,"anime,j-rock","Sony Music Labels Inc.",0.475,0.942,5,-4.348,1,0.134,0.0154,0,0.0902,0.303,92.094,4
spotify:track:6aHFdm58mPF4YPJX3FgI0z,"give it back","give it back","Cö shu Nie",2021-01-22,212476,55,false,1rm8a4ytboch21x75yu5jotkz,2025-05-01T16:18:50Z,"anime,j-rock,j-pop","Sony Music Labels Inc.",0.461,0.591,1,-5.838,1,0.0496,0.463,0,0.05,0.354,99.826,4
spotify:track:4q1gTFIxHFRQKICbIuVH8C,"Avant","Avant","Eve",2022-03-08,206685,49,false,1rm8a4ytboch21x75yu5jotkz,2025-05-01T16:18:50Z,"anime,j-pop,j-rock,vocaloid,japanese indie","TOY'S FACTORY",0.491,0.791,6,-3.953,1,0.0442,0.00229,0,0.0843,0.58,92.935,4
spotify:track:12usPU2WnqgCHAW1EK2dfd,"青のすみか","青のすみか","Tatsuya Kitani",2023-07-07,196466,72,false,1rm8a4ytboch21x75yu5jotkz,2025-05-01T16:18:50Z,"anime,j-pop,j-rock","Sony Music Labels Inc.",0.479,0.898,1,-4.809,1,0.169,0.0134,0,0.297,0.639,151.99,4
spotify:track:5blG2vXcJC2n9l3rb5sCOr,"燈","燈","Soushi Sakiyama",2023-07-07,238720,61,false,1rm8a4ytboch21x75yu5jotkz,2025-05-01T16:18:50Z,"anime,j-pop","Sony Music Labels Inc.",0.671,0.677,5,-4.849,1,0.0381,0.294,0,0.236,0.665,127.08,4
spotify:track:2ZT6eELxeETGamaiXu6vmk,"more than words","more than words","Hitsujibungaku",2023-09-01,289720,64,false,1rm8a4ytboch21x75yu5jotkz,2025-05-01T16:18:50Z,"japanese indie,j-pop,anime,shoegaze,j-rock","F.C.L.S.",0.596,0.795,6,-4.778,1,0.0284,0.000147,0.000317,0.16,0.577,130.037,4
spotify:track:6FioflhVJ1XLMDYFDrDtKX,"遠い叫び","CHABO'S BEST HARD & Heart <HARD編>","Reichi Nakaido",2003-01-29,296400,30,false,1rm8a4ytboch21x75yu5jotkz,2025-05-01T16:19:18Z,"j-rock,kayokyoku","EMI MUSIC JAPAN INC.",0.612,0.68,11,-6.424,0,0.0253,0.000451,0.00000442,0.174,0.456,110.011,4
spotify:track:275ULfjS2XcfhP7u4XXyft,"シュークリーム・ファンク","シュークリーム・ファンク","Philosophy no Dance",2023-04-08,215399,39,false,1rm8a4ytboch21x75yu5jotkz,2025-05-01T16:19:52Z,"anime,j-pop","Sony Music Labels Inc.",0.637,0.836,1,-4.17,1,0.105,0.00329,0,0.4,0.571,141.11,4
spotify:track:6TigsoyoeqHi9YxymTfj0x,"トーキョーズ・ウェイ！","トーキョーズ・ウェイ！","Shiritsu Ebisu Chugaku",2024-01-07,224000,44,false,1rm8a4ytboch21x75yu5jotkz,2025-05-01T16:19:52Z,"j-pop,anime","Sony Music Labels Inc.",0.742,0.82,6,-6.812,1,0.25,0.00701,0,0.105,0.533,125.946,4
spotify:track:5ifAsfvRMv3CxXZBB5epIf,"from the edge","from the edge","FictionJunction,LiSA",2019-09-02,278655,0,false,1rm8a4ytboch21x75yu5jotkz,2025-05-01T16:22:36Z,"anime,j-pop,j-rock","NITRON concepts",0.352,0.926,1,-3.827,1,0.15,0.0014,0.0000579,0.234,0.157,162.051,4
spotify:track:0NsMgzCzCuedQKqIWSOF34,"Kamado Tanjirou no Uta (From Demon Slayer: Kimetsu no Yaiba) [Full Version]","Kamado Tanjirou no Uta (From Demon Slayer: Kimetsu no Yaiba) [Full Version]","Akano",2019-09-19,328548,0,false,1rm8a4ytboch21x75yu5jotkz,2025-05-01T16:22:36Z,"anime","Akano",0.422,0.328,2,-8.941,0,0.0324,0.588,0.0000029,0.097,0.159,151.846,4
spotify:track:0f5hcKLCRgpdVV424X4XDQ,"白銀","白銀","LiSA",2021-11-15,264666,54,false,1rm8a4ytboch21x75yu5jotkz,2025-05-01T16:22:36Z,"anime,j-pop,j-rock","Sony Music Labels Inc.",0.485,0.888,11,-3.326,1,0.0489,0.00277,0.00000116,0.373,0.282,142.983,4
spotify:track:0cSkn2l67csUljEy0EEBPn,"炎","炎","LiSA",2020-10-12,275000,63,false,1rm8a4ytboch21x75yu5jotkz,2025-05-01T16:22:36Z,"anime,j-pop,j-rock","Sony Music Labels Inc.",0.477,0.685,2,-4.554,1,0.0325,0.105,0,0.277,0.308,152.04,4
spotify:track:1RtxMS6dcQuxK5y8TKh4Md,"コイコガレ","コイコガレ","milet,MAN WITH A MISSION",2023-04-17,215866,57,false,1rm8a4ytboch21x75yu5jotkz,2025-05-01T16:22:36Z,"j-pop,anime,j-rock","Sony Music Labels Inc.",0.337,0.925,9,-4.649,1,0.0822,0.000366,0.00000299,0.292,0.355,174.986,4
spotify:track:2otdcgLtoowuQzlU0Cx827,"夢幻","夢幻","MY FIRST STORY,HYDE",2024-05-13,241156,68,false,1rm8a4ytboch21x75yu5jotkz,2025-05-01T16:22:36Z,"j-rock,j-pop,anime,visual kei","Sony Music Labels Inc.",0.426,0.929,1,-4.305,1,0.0962,0.00479,0,0.116,0.404,135.008,4
spotify:track:4sWlVvuOg0lzDkC56lWrbg,"永久 -トコシエ-","永久 -トコシエ-","HYDE,MY FIRST STORY",2024-05-20,261497,57,false,1rm8a4ytboch21x75yu5jotkz,2025-05-01T16:22:36Z,"anime,visual kei,j-rock,j-pop","Sony Music Labels Inc.",0.321,0.928,4,-4.542,0,0.0985,0.000125,0.00000517,0.112,0.152,86.158,4
spotify:track:0QpwFmdAK6mXvXTqlDgva4,"守りたいもの","守りたいもの","大原ゆい子",2024-04-08,266500,38,false,1rm8a4ytboch21x75yu5jotkz,2025-05-01T16:24:21Z,"anime,j-pop","TOHO animation RECORDS",0.32,0.622,0,-7.348,1,0.0324,0.0273,0.000413,0.0801,0.341,179.964,4
spotify:track:4IomhoO99emO8bSaZRQpt9,"かげくらべの唄","かげくらべの唄","大原ゆい子",2024-07-02,273600,36,false,1rm8a4ytboch21x75yu5jotkz,2025-05-01T16:24:21Z,"anime,j-pop","TOHO animation RECORDS",0.522,0.43,9,-6.9,1,0.0254,0.0303,0.0338,0.316,0.422,99.774,3
spotify:track:29fFAKTm2Bvw9KwyxGtYgV,"Tsubasa","Tsubasa","ナナホシ(CV:若山詩音)",2024-04-23,273000,44,false,1rm8a4ytboch21x75yu5jotkz,2025-05-01T16:24:21Z,"anime","TOHO animation Records",0.711,0.716,8,-6.264,1,0.0322,0.148,0,0.232,0.815,105.033,4
spotify:track:0W7TWQmdeH4p2o5wbdVR8S,"Happy days","Mushoku Tensei Jobless Reincarnation Season2 Original Soundtrack","藤澤慶昌",2024-07-02,135000,19,false,1rm8a4ytboch21x75yu5jotkz,2025-05-01T16:24:21Z,"anime","TOHO animation RECORDS",0.367,0.154,5,-12.707,1,0.0317,0.951,0.197,0.145,0.105,99.541,3
spotify:track:0pkVxyrTqqlv3moOEA2wOt,"ムスビメ","ムスビメ","大原ゆい子",2023-07-17,290000,42,false,1rm8a4ytboch21x75yu5jotkz,2025-05-01T16:24:21Z,"anime,j-pop","TOHO animation RECORDS",0.457,0.569,11,-6.279,1,0.028,0.0785,0.00000172,0.106,0.379,155.97,4
spotify:track:2a4oQP0wKJYdM6uNtFPsuW,"Clover","Clover","大原ゆい子",2023-07-03,260000,35,false,1rm8a4ytboch21x75yu5jotkz,2025-05-01T16:24:21Z,"anime,j-pop","TOHO animation RECORDS",0.498,0.498,2,-8.064,1,0.0288,0.473,0.000306,0.356,0.348,74.862,4
spotify:track:0iL43uP0m7L7sxNR98b8nv,"花咲み","花咲み","シルフィエット(CV:茅野愛衣)",2023-09-25,309427,29,false,1rm8a4ytboch21x75yu5jotkz,2025-05-01T16:24:21Z,"anime","TOHO animation RECORDS",0.495,0.439,11,-9.796,1,0.0244,0.44,0.321,0.195,0.304,79.955,4
spotify:track:7D5QvT8iYeXQ9wLL49MTLd,"永遠なれ、アスラ王国","『無職転生 ～異世界行ったら本気だす～』 第２期 オリジナル・サウンドトラック","牧浦乙葵",2023-09-25,55000,15,false,1rm8a4ytboch21x75yu5jotkz,2025-05-01T16:24:21Z,"","TOHO animation Records",0.434,0.0198,0,-14.451,1,0.0495,0.967,0,0.205,0.565,99.481,3
spotify:track:7r6pHYnNYqxSZr8e40VF8T,"01","01","QUEEN BEE",2023-10-07,186706,54,false,1rm8a4ytboch21x75yu5jotkz,2025-05-01T16:25:03Z,"anime,j-rock,j-pop","Sony Music Labels Inc.",0.458,0.974,7,-2.979,0,0.134,0.004,0,0.105,0.569,89.594,4
spotify:track:2E5ysbHpbYGmJvwyhQubaG,"know me...","know me...","Kairi Yagi",2023-10-14,210612,38,false,1rm8a4ytboch21x75yu5jotkz,2025-05-01T16:25:03Z,"anime","Sony Music Labels Inc.",0.683,0.754,6,-3.049,0,0.0428,0.281,0.00000389,0.169,0.797,162.851,4
spotify:track:7hDwyZJ9GA6Ogza1O9TBX7,"ラブコール","ラブコール","Shiyui",2024-01-20,180266,41,false,1rm8a4ytboch21x75yu5jotkz,2025-05-01T16:25:03Z,"anime,j-pop","Sony Music Labels Inc.",0.663,0.971,2,-3.167,1,0.139,0.00565,0,0.0388,0.729,90.993,4
spotify:track:3oaqQczgoSVRK8NPvNL6i4,"この愛に敵うもんはない","この愛に敵うもんはない","OKAMOTO'S",2024-01-20,204853,32,false,1rm8a4ytboch21x75yu5jotkz,2025-05-01T16:25:03Z,"anime,j-rock,j-pop","Sony Music Labels Inc.",0.464,0.967,4,-2.345,0,0.148,0.00309,0,0.327,0.411,155.138,4
spotify:track:5gPescqtxXjvfPTsLpqDqt,"CANDY MAGIC","Kimi No Heroine Ni Naritakute","mimimemeMIMI",2016-10-12,278693,32,false,1rm8a4ytboch21x75yu5jotkz,2025-05-01T16:25:58Z,"anime,j-pop","Astro Voice",0.534,0.884,1,-3.512,1,0.0391,0.246,0,0.0533,0.853,160.1,4
spotify:track:2Ai2UNQLHOR52MxCJPYxKl,"くちづけDiamond","くちづけDiamond","WEAVER",2015-05-20,233144,37,false,1rm8a4ytboch21x75yu5jotkz,2025-05-01T16:26:08Z,"anime,j-rock,j-pop","A-Sketch",0.55,0.722,7,-5.459,1,0.0393,0.0767,0,0.4,0.763,164.051,4
spotify:track:1XfLeMPPmMoCrXPvj3Pe2Z,"Nameless Story","ASSEMBLE","寺島拓篤",2020-03-25,244866,40,false,1rm8a4ytboch21x75yu5jotkz,2025-05-01T16:33:53Z,"anime","Lantis",0.558,0.947,6,-1.803,1,0.0521,0.0478,0,0.288,0.549,97.511,4
spotify:track:3pJIBjrTwknFm7orJJM3YH,"Another colony","Another colony","TRUE",2018-11-07,251800,0,false,1rm8a4ytboch21x75yu5jotkz,2025-05-01T16:33:53Z,"anime,j-pop","Lantis",0.405,0.972,1,-1.94,0,0.208,0.0206,0,0.261,0.331,168.97,4
spotify:track:3uRbhqoFjm6BHRlZInENGz,"メグルモノ","ASSEMBLE","寺島拓篤",2020-03-25,283533,39,false,1rm8a4ytboch21x75yu5jotkz,2025-05-01T16:33:53Z,"anime","Lantis",0.343,0.943,10,-2.673,0,0.159,0.00764,0.0000227,0.0598,0.628,172.812,4
spotify:track:4ESR8uG70TFcWKqtePEJpo,"リトルソルジャー","リトルソルジャー","田所あずさ",2019-01-23,233933,41,false,1rm8a4ytboch21x75yu5jotkz,2025-05-01T16:33:53Z,"anime","Lantis",0.581,0.944,4,-2.401,1,0.125,0.0409,0,0.137,0.704,143.995,4
spotify:track:1bylyPZfjMgMEi92lW8nEt,"Storyteller","Storyteller","TRUE",2021-01-13,274530,0,false,1rm8a4ytboch21x75yu5jotkz,2025-05-01T16:33:53Z,"anime,j-pop","Lantis",0.421,0.944,1,-2.949,1,0.0472,0.000659,0.0000741,0.323,0.667,192.095,4
spotify:track:4eBgSyDDQqKHyxCvkqghs7,"STORYSEEKER","STORYSEEKER","STEREO DIVE FOUNDATION",2021-01-13,232800,0,false,1rm8a4ytboch21x75yu5jotkz,2025-05-01T16:33:53Z,"anime,j-rock,j-pop","Lantis",0.573,0.769,2,-7.784,1,0.0736,0.0316,0,0.187,0.556,111.98,4
spotify:track:1iQGkrB5dxJFfYN41BC9wJ,"Reincarnate","Reincarnate","寺島拓篤",2021-08-25,247080,27,false,1rm8a4ytboch21x75yu5jotkz,2025-05-01T16:33:53Z,"anime","Lantis",0.592,0.786,6,-5.339,1,0.0296,0.0302,0,0.197,0.633,105.018,4
spotify:track:4aSzSvyXczlaKMxQs3rbGh,"Brand new diary","Brand new diary","熊田茜音",2021-03-27,248506,33,false,1rm8a4ytboch21x75yu5jotkz,2025-05-01T16:33:53Z,"anime","Lantis",0.459,0.949,2,-4.365,1,0.0592,0.0279,0,0.139,0.431,180.024,4
spotify:track:1C1afAVzxCeRp77qYKs06l,"カモナ・テンペスト！","カモナ・テンペスト！／おやすみオレンジ","リムル (CV.岡咲美保),大賢者 (CV.豊口めぐみ),ヴェルドラ (CV.前野智昭),シュナ (CV.千本木彩花),シオン (CV.M・A・O),ランガ (CV.小林親弘),ゴブタ (CV.泊 明日菜)",2021-05-26,226573,26,false,1rm8a4ytboch21x75yu5jotkz,2025-05-01T16:33:53Z,"anime","Lantis",0.458,0.914,10,-4.183,1,0.074,0.0196,0,0.226,0.651,166.196,4
spotify:track:7wlcwTQ6isc29tDRo9c0DC,"おやすみオレンジ","カモナ・テンペスト！／おやすみオレンジ","リムル (CV.岡咲美保)",2021-05-26,253066,22,false,1rm8a4ytboch21x75yu5jotkz,2025-05-01T16:33:53Z,"anime","Lantis",0.592,0.701,5,-4.961,1,0.0295,0.31,0,0.107,0.62,103.028,4
spotify:track:48Hxgmy2rW0jT6YZUo18R8,"Make Me Feel Better","Make Me Feel Better","MindaRyn",2022-11-25,269900,31,false,1rm8a4ytboch21x75yu5jotkz,2025-05-01T16:33:53Z,"anime","Lantis",0.605,0.852,7,-8.584,1,0.0407,0.00363,0.00000563,0.226,0.684,99.982,4
spotify:track:71cNVDcg9JsFCr0hLi7Pj9,"浄歌","浄歌","TRUE",2022-11-25,293786,30,false,1rm8a4ytboch21x75yu5jotkz,2025-05-01T16:33:53Z,"anime,j-pop","Lantis",0.274,0.789,3,-5.402,0,0.101,0.415,0.00000327,0.215,0.194,103.999,4
spotify:track:3heytsqAvwcOmpvJvKop80,"SPARKLES","SPARKLES","STEREO DIVE FOUNDATION",2022-11-25,276933,0,false,1rm8a4ytboch21x75yu5jotkz,2025-05-01T16:33:53Z,"anime,j-rock,j-pop","Lantis",0.498,0.727,2,-6.448,1,0.0753,0.0604,0.00000258,0.106,0.532,79.988,4
spotify:track:4dvKQ8ic2ifWOFH87FBQdV,"ヒカリハナツ","ヒカリハナツ","寺島拓篤",2023-11-01,200893,32,false,1rm8a4ytboch21x75yu5jotkz,2025-05-01T16:33:53Z,"anime","Lantis",0.502,0.966,0,-5.07,1,0.0891,0.08,0,0.342,0.78,95.998,4
spotify:track:0DOVx6G53HGJ1ZduLJUxg0,"ココロトラベル","ココロトラベル","Miho Okasaki",2023-11-01,232301,26,false,1rm8a4ytboch21x75yu5jotkz,2025-05-01T16:33:53Z,"anime","KING RECORDS",0.693,0.986,0,-4.641,0,0.0762,0.256,0,0.033,0.864,140.99,4
spotify:track:6eWvLMxektDc1Yh0namRGc,"PEACEKEEPER","PEACEKEEPER","STEREO DIVE FOUNDATION",2024-04-05,208720,42,false,1rm8a4ytboch21x75yu5jotkz,2025-05-01T16:33:53Z,"anime,j-rock,j-pop","Lantis",0.369,0.985,8,-3.322,1,0.12,0.000762,0.0000249,0.269,0.752,199.98,4
spotify:track:2SSYy8BmVJrfAs0OwKkTfd,"Believer","Believer","来栖りん",2024-04-06,190960,27,false,1rm8a4ytboch21x75yu5jotkz,2025-05-01T16:33:53Z,"anime","Lantis",0.686,0.804,6,-3.587,0,0.029,0.0547,0,0.61,0.765,125.004,4
spotify:track:4LiRiw0zRSf9fN3QEf0fN3,"レナセールセレナーデ","レナセールセレナーデ","Momoiro Clover Z",2024-06-28,249345,48,false,1rm8a4ytboch21x75yu5jotkz,2025-05-01T16:33:53Z,"anime,j-pop","KING RECORDS",0.618,0.841,7,-2.562,1,0.0513,0.0733,0.000374,0.0962,0.896,137.277,4
spotify:track:72T0McezDA26CyLXFWBLSv,"Miracle soup","Miracle soup","MindaRyn",2024-06-22,200154,32,false,1rm8a4ytboch21x75yu5jotkz,2025-05-01T16:33:53Z,"anime","Lantis",0.659,0.675,0,-7.291,1,0.0317,0.0307,0.00000124,0.132,0.701,96.03,4
spotify:track:1E6ezM8goGuG7lq6sHg6d9,"リトル☆デイト","ワンダフルでいこう!! + シングルコレクション","Ribbon",2008-07-16,253786,8,false,1rm8a4ytboch21x75yu5jotkz,2025-05-01T16:38:01Z,"city pop,kayokyoku,j-pop","PONY CANYON",0.6,0.932,2,-6.589,0,0.038,0.0115,0.0297,0.0411,0.777,150.201,4
spotify:track:3rrWCRsavfW6dTuzeyvbPp,"Redo (Re:ゼロから始める異世界生活)","熱烈！アニソン魂 ULTIMATEカバーシリーズ2017 JAPAN ANIMESONG COLLECTION mini vol.4","平間美賀",2017-11-22,256736,43,false,1rm8a4ytboch21x75yu5jotkz,2025-05-01T16:41:18Z,"anime","fyto inc.",0.416,0.909,8,-2.622,1,0.312,0.0314,0,0.33,0.388,189.907,4
spotify:track:1JC0r7pvdrdbdJQBYfRc19,"Paradisus-Paradoxum","eYe's","MYTH & ROID",2017-04-26,231106,0,false,1rm8a4ytboch21x75yu5jotkz,2025-05-01T16:41:18Z,"anime,j-rock,j-pop","メディアファクトリー",0.385,0.912,5,-4.091,1,0.102,0.0261,0,0.149,0.318,100.369,4
spotify:track:6KlqqFZmbUrpTz6RSC1pqF,"REALIZE","OPENING THEME FROM TV SERIES ”RE:ZERO -STARTING LIFE IN ANOTHER WORLD-” 2ND SEASON","Konomi Suzuki",2020-08-26,244000,0,false,1rm8a4ytboch21x75yu5jotkz,2025-05-01T16:41:18Z,"anime,j-pop,j-rock","KADOKAWA",0.595,0.922,11,-3.363,0,0.106,0.0241,0,0.0803,0.387,103.058,4
spotify:track:1p9VRiwyy2NsBSoNcGs9kP,"Long shot","TVアニメ「Re:ゼロから始める異世界生活」2nd season 後期オープニングテーマ「Long shot」","前島麻由",2021-02-24,255132,0,false,1rm8a4ytboch21x75yu5jotkz,2025-05-01T16:41:18Z,"anime","KADOKAWA",0.355,0.904,0,-1.994,1,0.0617,0.0121,0,0.303,0.451,135.012,4
spotify:track:376H9fw1l6spwIfiNSDBmJ,"STYX HELIX","eYe's","MYTH & ROID",2017-04-26,289573,0,false,1rm8a4ytboch21x75yu5jotkz,2025-05-01T16:41:18Z,"anime,j-rock,j-pop","メディアファクトリー",0.591,0.859,9,-5.463,1,0.0555,0.0402,0.0000161,0.0596,0.327,122.989,4
spotify:track:3f6maqcSVtCLZZhgJrQKJW,"STAY ALIVE","HIGECORE!","エミリア(CV:高橋李依)",2013,265436,40,false,1rm8a4ytboch21x75yu5jotkz,2025-05-01T16:41:18Z,"anime","KADOKAWA",0.417,0.523,8,-5.046,1,0.0357,0.0255,0,0.155,0.127,139.98,4
spotify:track:4YycgLIc3P6oQRY5NiOybl,"THE HERO !! ～怒れる拳に火をつけろ～","AREA Z","JAM Project",2016-06-29,229742,2,false,1rm8a4ytboch21x75yu5jotkz,2025-05-01T16:42:23Z,"anime,j-rock","Lantis",0.467,0.967,2,-3.528,1,0.116,0.0000468,0,0.195,0.177,130.175,4
spotify:track:1YlmNQyqgqmih1o96NGCZZ,"静寂のアポストル","静寂のアポストル","JAM Project",2019-04-24,218695,0,false,1rm8a4ytboch21x75yu5jotkz,2025-05-01T16:45:10Z,"anime,j-rock","Lantis",0.282,0.916,10,-2.113,0,0.0884,0.000327,0,0.216,0.518,102.968,4
spotify:track:6KYOlIwDHbrbeBbJEtQ0Fj,"オトノケ - Otonoke","オトノケ - Otonoke","Creepy Nuts",2024-10-04,185626,77,false,1rm8a4ytboch21x75yu5jotkz,2025-05-01T16:48:01Z,"anime,j-pop,j-rap","Sony Music Labels Inc.",0.517,0.842,1,-6.905,1,0.348,0.062,0.0575,0.158,0.643,169.745,4
spotify:track:4cPwi7lcWxRQNEb4xC77fC,"TAIDADA","TAIDADA","ZUTOMAYO",2024-10-03,226026,63,false,1rm8a4ytboch21x75yu5jotkz,2025-05-01T16:48:01Z,"j-pop,j-rock,anime,japanese indie","Universal Music LLC",0.674,0.962,10,-2.747,0,0.14,0.0972,0,0.124,0.828,143.894,4
spotify:track:3R558vzNPUNRHHlmu5FFBD,"Hanezeve Caradhina","MADE IN ABYSS ORIGINAL SOUNDTRACK","Kevin Penkin,Takeshi Saito",2017-09-27,201253,48,false,1rm8a4ytboch21x75yu5jotkz,2025-05-02T12:45:36Z,"anime,soundtrack","KADOKAWA",0.448,0.43,7,-11.687,1,0.0362,0.264,0.00778,0.0943,0.0797,159.931,4
spotify:track:2b1GDOd80efEoOadEvJqEr,"The First Layer","MADE IN ABYSS ORIGINAL SOUNDTRACK","Kevin Penkin",2017-09-27,117986,48,false,1rm8a4ytboch21x75yu5jotkz,2025-05-02T12:46:02Z,"anime,soundtrack","KADOKAWA",0.639,0.124,11,-17.613,1,0.0405,0.83,0.945,0.124,0.362,169.986,3
spotify:track:59Q0WRffEUOu0vhxArxCIG,"Good Morning World!","Good Morning World!","BURNOUT SYNDROMES",2019-08-21,249000,1,false,1rm8a4ytboch21x75yu5jotkz,2025-05-02T12:47:55Z,"anime,j-rock,j-pop","Sony Music Labels Inc.",0.468,0.956,0,-1.817,1,0.0712,0.043,0,0.16,0.503,95.537,4
spotify:track:1k5C4VnzRarWj4LZ0F1XkD,"LIFE","LIFE","Rude-α",2019-07-31,179613,0,false,1rm8a4ytboch21x75yu5jotkz,2025-05-02T12:47:55Z,"anime,j-pop","NITRON concepts",0.718,0.782,6,-4.004,0,0.102,0.0782,0,0.205,0.842,93.009,4
spotify:track:0h8FQGyLkLuGaI3mERU9im,"三原色","Primary Colors","PELICAN FANCLUB",2019-11-27,209000,1,false,1rm8a4ytboch21x75yu5jotkz,2025-05-02T12:47:55Z,"anime,j-rock","Sony Music Labels Inc.",0.434,0.845,6,-4.224,0,0.042,0.0111,0,0.163,0.716,100.018,4
spotify:track:0sUDRs6IsFW6vZSLuHS531,"夢のような","夢のような","佐伯ユウスケ",2019-11-20,230294,47,false,1rm8a4ytboch21x75yu5jotkz,2025-05-02T12:47:55Z,"anime","TOHO animationRECORDS",0.625,0.702,5,-5.663,1,0.0496,0.242,0.00000135,0.336,0.772,89.068,4
spotify:track:00EAiVX99rZ4rlYFLItPcC,"声?","声?","はてな",2021-01-21,247306,49,false,1rm8a4ytboch21x75yu5jotkz,2025-05-02T12:47:55Z,"anime","Sony Music Labels Inc.",0.42,0.964,5,-3.35,1,0.0902,0.015,0,0.207,0.584,170.019,4
spotify:track:1yUV3xzgaFWG2Koe9Sfcwd,"Good Morning [New] World!","Good Morning [New] World!","BURNOUT SYNDROMES",2022-07-11,258613,42,false,1rm8a4ytboch21x75yu5jotkz,2025-05-02T12:47:55Z,"anime,j-rock,j-pop","Sony Music Labels Inc.",0.39,0.916,0,-2.859,1,0.0579,0.0229,0,0.197,0.483,92.118,4
spotify:track:5DjOVg4mTlMHWsLREAHe7S,"遥か","遥か","Ryujin Kiyoshi",2023-10-13,181735,47,false,1rm8a4ytboch21x75yu5jotkz,2025-05-02T12:47:55Z,"anime","Sony Music Labels Inc.",0.47,0.903,9,-3.683,1,0.0698,0.105,0.00000582,0.376,0.56,133.96,4
spotify:track:2ENEeAYzSqwXwO6GOY8cls,"好きにしなよ","26ml","Anly",2023-10-18,266693,42,false,1rm8a4ytboch21x75yu5jotkz,2025-05-02T12:47:55Z,"anime,j-pop","Sony Music Labels Inc.",0.436,0.822,1,-4.889,1,0.0527,0.0902,0,0.083,0.413,66.739,4
spotify:track:26Lip4WX1oWceF9tb8m2qw,"CASANOVA POSSE","CASANOVA POSSE","ALI",2025-01-10,240653,60,false,1rm8a4ytboch21x75yu5jotkz,2025-05-02T12:47:55Z,"anime,j-pop","Sony Music Labels Inc.",0.503,0.944,11,-1.787,0,0.126,0.0361,0.00000134,0.303,0.492,96.498,4
spotify:track:1mQWgJxQZOO1ifq4QJ3x4s,"Rolling Stone","Rolling Stone","BREIMEN",2025-01-10,204480,45,false,1rm8a4ytboch21x75yu5jotkz,2025-05-02T12:47:55Z,"japanese indie","Sony Music Labels Inc.",0.643,0.872,1,-5.455,1,0.0754,0.00481,0.00000492,0.0883,0.478,110.035,4
spotify:track:5HPsZwo40KA3GThqBFZFac,"堕天 - Daten","アンサンブル・プレイ","Creepy Nuts",2022-09-07,172906,69,false,1rm8a4ytboch21x75yu5jotkz,2025-05-02T12:52:13Z,"anime,j-pop,j-rap","Sony Music Labels Inc.",0.532,0.906,1,-4.795,1,0.205,0.0151,0,0.319,0.749,199.921,4
spotify:track:4GYfARUu6WGJbCqkAjWXQr,"BOY","BOY","King Gnu",2021-12-01,233880,42,false,1rm8a4ytboch21x75yu5jotkz,2025-05-02T12:53:15Z,"j-pop,anime,j-rock","Sony Music Labels Inc.",0.619,0.802,0,-6.618,1,0.0629,0.0831,0,0.338,0.535,109.982,4
spotify:track:65KmUiJXcsSr7Bwz8SwzVE,"Oz.","Oz. / 世界は美しいはずなんだ / スモーキーヒロイン","yama",2021-11-22,195426,32,false,1rm8a4ytboch21x75yu5jotkz,2025-05-02T12:54:04Z,"j-pop,anime,j-rock","Sony Music Labels Inc.",0.395,0.737,7,-4.578,1,0.0344,0.0587,0.00000621,0.377,0.467,75.972,4
spotify:track:3k64vNcgYPkETG7TNgpW4o,"裸の勇者","裸の勇者","Vaundy",2022-01-07,201973,61,false,1rm8a4ytboch21x75yu5jotkz,2025-05-02T12:54:15Z,"j-pop,japanese indie,j-rock","Sony Music Labels Inc.",0.442,0.888,9,-5.747,0,0.121,0.0127,0.000727,0.2,0.435,163.032,4
spotify:track:1qZC7gWAR5blkKT1DI4niR,"Flare","Flare","milet",2022-01-14,234879,43,false,1rm8a4ytboch21x75yu5jotkz,2025-05-02T12:54:17Z,"j-pop,anime,j-rock","Sony Music Labels Inc.",0.495,0.711,11,-4.165,1,0.0376,0.034,0,0.0745,0.252,85.886,4
spotify:track:0Zp9WOkXX8xZS8QOhtdQ5k,"LEveL","LEveL","SawanoHiroyuki[nZk],TOMORROW X TOGETHER",2024-01-07,180330,63,false,1rm8a4ytboch21x75yu5jotkz,2025-05-02T12:56:37Z,"anime,j-pop,j-rock,k-pop","Sony Music Labels Inc.",0.682,0.906,10,-4.056,1,0.186,0.00882,0,0.129,0.548,112.939,4
spotify:track:63MlPFQQ7PNGiiHMnVrfw2,"request","request","krage",2024-01-14,224234,53,false,1rm8a4ytboch21x75yu5jotkz,2025-05-02T12:56:37Z,"anime","Sony Music Labels Inc.",0.603,0.85,1,-1.837,0,0.0845,0.155,0,0.0922,0.708,138.979,4
spotify:track:2rOUaQ1TGj7wZdHdn9UgTL,"ReawakeR (feat. Felix of Stray Kids)","ReawakeR (feat. Felix of Stray Kids)","LiSA,Felix",2025-01-05,184993,74,false,1rm8a4ytboch21x75yu5jotkz,2025-05-02T12:56:37Z,"anime,j-pop,j-rock","Sony Music Labels Inc.",0.697,0.817,2,-6.195,1,0.127,0.00956,0.0000049,0.198,0.445,129.048,4
spotify:track:0jmMSb8fGqcn7gKQ7vfdNj,"UN-APEX","UN-APEX","TK from Ling tosite sigure",2025-01-05,260099,57,false,1rm8a4ytboch21x75yu5jotkz,2025-05-02T12:56:37Z,"anime,j-rock,j-pop","Sony Music Labels Inc.",0.487,0.983,7,-3.181,0,0.189,0.000204,0,0.534,0.336,135.921,4
spotify:track:1L50ymp25Vmu7VnPRx5TWf,"Ｗ●ＲＫ","Ｗ●ＲＫ","ꉈꀧ꒒꒒ꁄꍈꍈꀧ꒦ꉈ ꉣꅔꎡꅔꁕꁄ,Sheena Ringo",2023-04-01,201073,2,false,1rm8a4ytboch21x75yu5jotkz,2025-05-02T12:57:52Z,"anime,j-pop,j-rock,art pop","Sony Music Labels Inc.",0.435,0.923,6,-5.985,0,0.221,0.0301,0.00000426,0.09,0.546,104.611,4
spotify:track:4WqWAyxI9uf6CVxUBwglrb,"紙一重","紙一重","Uru",2023-04-15,249477,51,false,1rm8a4ytboch21x75yu5jotkz,2025-05-02T12:57:52Z,"j-pop,anime","Sony Music Labels Inc.",0.556,0.44,10,-6.116,1,0.0279,0.456,0,0.198,0.223,135.974,4
spotify:track:0vMBqdJIkmflvFk728hKH7,"Sleep Walking Orchestra","Sleep Walking Orchestra","BUMP OF CHICKEN",2023-12-11,235659,56,false,1rm8a4ytboch21x75yu5jotkz,2025-05-02T12:59:46Z,"j-pop,j-rock,anime","Toy's Factory",0.677,0.836,1,-6.065,1,0.0283,0.00365,0.0000628,0.235,0.83,126.983,4
spotify:track:1UQkdcHjg13HiAXeVfOjmk,"Party!!","Party!!","Ryokuoushoku Shakai",2024-01-25,258413,50,false,1rm8a4ytboch21x75yu5jotkz,2025-05-02T13:00:11Z,"j-pop,anime,j-rock","Sony Music Labels Inc.",0.668,0.942,1,-1.992,1,0.0753,0.0683,0.0000147,0.83,0.749,121.961,4
spotify:track:3qyqpWcRKyundtraHd65hq,"運命","運命","sumika",2024-04-04,223866,55,false,1rm8a4ytboch21x75yu5jotkz,2025-05-02T13:00:16Z,"j-pop,anime,j-rock","Sony Music Labels Inc.",0.569,0.953,2,-3.841,1,0.044,0.0788,0,0.134,0.862,145.861,4
spotify:track:0u0fZBgvRjNbzmiLyW6ITX,"キラキラの灰","キラキラの灰","Regallily",2024-04-04,247880,47,false,1rm8a4ytboch21x75yu5jotkz,2025-05-02T13:00:42Z,"japanese indie,j-rock,shoegaze,anime","Sony Music Labels Inc.",0.496,0.818,8,-4.464,1,0.0319,0.00129,0.0199,0.0396,0.489,135.005,4
spotify:track:67ToAFiWlRXwlJOOHdc0Bo,"Akatsuki no Requiem (TV Size)","Akatsuki no Requiem (TV Size)","Linked Horizon",2018-07-31,90090,46,false,1rm8a4ytboch21x75yu5jotkz,2025-05-02T13:16:56Z,"anime,j-pop","PONY CANYON INC.",0.471,0.473,5,-10.757,1,0.0354,0.684,0.0000176,0.108,0.265,137.045,3
spotify:track:02846iBEHz7g1pFLvpRllW,"MUKANJYO","Mukanjyo","Survive Said The Prophet",2019-08-21,192400,1,false,1rm8a4ytboch21x75yu5jotkz,2025-05-03T21:37:23Z,"anime,j-rock","NITRON concepts",0.316,0.961,7,-4.082,1,0.129,0.00364,0,0.226,0.304,94.858,4
spotify:track:2EmkTBTh964LQen4Vz0svg,"花になって - Be a flower","花になって - Be a flower","Ryokuoushoku Shakai",2023-10-29,199333,69,false,1rm8a4ytboch21x75yu5jotkz,2025-05-06T18:06:31Z,"j-pop,anime,j-rock","Sony Music Labels Inc.",0.569,0.953,10,-2.018,0,0.109,0.166,0.00000578,0.071,0.477,96.047,3
spotify:track:3OtR0cI6ngSveZ3sxOARa9,"アイコトバ","アイコトバ","AiNA THE END",2023-10-27,284217,52,false,1rm8a4ytboch21x75yu5jotkz,2025-05-06T18:06:43Z,"anime,j-pop","avex trax",0.633,0.633,5,-6.02,1,0.0296,0.167,0,0.346,0.259,77.01,4
spotify:track:6CRtIYDga4VKW5sV5rfAL3,"DEJA VU","SUPER EUROBEAT presents INITIAL D DAVE RODGERS SELECTION","dave rodgers",2019-09-11,260555,55,false,1rm8a4ytboch21x75yu5jotkz,2025-05-11T17:27:18Z,"hi-nrg","avex trax",0.558,0.991,5,-3.106,0,0.0604,0.0214,0,0.106,0.775,154.004,4
spotify:track:5A32buYzWvtkJizBkX8OCQ,"GAS GAS GAS - EXTENDED MIX","GAS GAS GAS","Manuel",2019-06-12,261040,62,false,1rm8a4ytboch21x75yu5jotkz,2025-05-11T17:28:02Z,"","avex trax",0.454,0.945,8,-4.939,0,0.0462,0.00151,0.0000309,0.344,0.737,153.967,4
spotify:track:6DlPa2rrVK3BygXJ48WYo3,"RUNNING IN THE 90'S","SUPER EUROBEAT presents INITIAL D 〜D SELECTION〜","Max Coveri",1998-07-29,283833,64,false,1rm8a4ytboch21x75yu5jotkz,2025-05-11T17:29:36Z,"","avex trax",0.541,0.931,1,-5.484,1,0.0416,0.00482,0.0127,0.0919,0.86,158.517,4
spotify:track:3huSUfmhUr4entz2S0G31O,"クスシキ","クスシキ","Mrs. GREEN APPLE",2025-04-04,188348,76,false,1rm8a4ytboch21x75yu5jotkz,2025-07-18T15:15:51Z,"j-pop,anime,j-rock","Universal Music LLC",0.578,0.786,1,-3.614,0,0.0491,0.00163,0,0.293,0.911,137.909,3
spotify:track:32FikT5AiqTb7aM6szI0sa,"幸せのレシピ","幸せのレシピ","HIRAIDAI",2025-01-10,192640,61,false,1rm8a4ytboch21x75yu5jotkz,2025-07-18T15:15:51Z,"j-pop","avex trax",0.692,0.345,2,-9.102,1,0.0261,0.825,0,0.142,0.52,90.996,4
spotify:track:0mh1ueH9o75o0mt6bqk4Sp,"強火","強火","QUEEN BEE",2025-04-05,208013,57,false,1rm8a4ytboch21x75yu5jotkz,2025-07-18T15:16:47Z,"anime,j-rock,j-pop","Sony Music Labels Inc.",0.408,0.895,1,-4,0,0.04,0.0139,0,0.118,0.455,87.39,4
spotify:track:3dc5cRVGlxugq50mdfUlvw,"ウルサイレン","ウルサイレン","Umeda Cypher,peko,KOPERU,TAKE-M,KennyDoes,ILL SWAG GAGA",2025-04-04,188025,53,false,1rm8a4ytboch21x75yu5jotkz,2025-07-18T15:16:47Z,"j-rap","Sony Music Labels Inc.",0.814,0.885,8,-4.349,0,0.129,0.0322,0,0.0353,0.593,100,4
spotify:track:5uYnVpwOGOaiXTJmhNd62P,"アンビバレント","アンビバレント","Uru",2024-01-20,242495,64,false,1rm8a4ytboch21x75yu5jotkz,2025-07-19T17:26:12Z,"j-pop,anime","Sony Music Labels Inc.",0.611,0.806,7,-2.916,0,0.0361,0.0369,0,0.341,0.602,130.005,4
spotify:track:1rf80hAVw6y8rVc1HsOpuv,"愛は薬","愛は薬","wacci",2024-01-07,264773,52,false,1rm8a4ytboch21x75yu5jotkz,2025-07-19T17:26:12Z,"j-pop,anime","Sony Music Labels Inc.",0.557,0.613,8,-4.978,1,0.0278,0.0447,0,0.307,0.497,82.014,4
spotify:track:79zgdvnTPyWSuTrd48Ik5O,"百花繚乱","百花繚乱","Lilas",2025-01-10,179238,71,false,1rm8a4ytboch21x75yu5jotkz,2025-07-19T17:26:12Z,"j-pop","幾田りら",0.678,0.883,11,-3.178,0,0.106,0.0965,0.00000119,0.29,0.606,149.967,4
spotify:track:43QChW7cZQdAmWbmamy2mZ,"ひとりごと","ひとりごと","Omoinotake",2025-04-05,277444,61,false,1rm8a4ytboch21x75yu5jotkz,2025-07-19T17:26:12Z,"j-pop,city pop,anime,japanese indie","Sony Music Labels Inc.",0.426,0.598,1,-6.419,0,0.0568,0.0992,0,0.344,0.544,171.863,4
